cluster,mean score,mean proficiency
2,0.5483870967741935,0.5544554455445545
1,0.48660714285714285,0.46534653465346537
0,0.3211009174311927,0.33663366336633666
3,0.5661157024793388,0.5544554455445545
1,0.4791666666666667,0.4752475247524752
3,0.7428571428571429,0.7227722772277227
2,0.48184019370460046,0.49504950495049505
1,0.25,0.4752475247524752
3,0.5414634146341464,0.5841584158415841
3,0.6521739130434783,0.6831683168316832
0,0.3373493975903614,0.38613861386138615
0,0.2749003984063745,0.31683168316831684
1,0.5038167938931297,0.5346534653465347
1,0.2708333333333333,0.36633663366336633
1,0.4437299035369775,0.44554455445544555
3,0.7958115183246073,0.7623762376237624
1,0.484375,0.49504950495049505
1,0.422680412371134,0.5643564356435643
0,0.3110720562390158,0.2871287128712871
1,0.35454545454545455,0.45544554455445546
1,0.20408163265306123,0.4158415841584158
3,0.5681818181818182,0.594059405940594
2,0.5560747663551402,0.5742574257425742
1,0.6507936507936508,0.48514851485148514
3,0.5458515283842795,0.594059405940594
2,0.4175824175824176,0.48514851485148514
2,0.4489795918367347,0.45544554455445546
3,0.4782608695652174,0.6039603960396039
2,0.4537313432835821,0.44554455445544555
3,0.5948717948717949,0.5544554455445545
0,0.2826086956521739,0.3465346534653465
3,0.6123595505617978,0.594059405940594
3,0.5681818181818182,0.6138613861386139
3,0.75,0.7524752475247525
0,0.2334096109839817,0.2376237623762376
1,0.4666666666666667,0.45544554455445546
3,0.6779661016949152,0.6336633663366337
3,0.6370370370370371,0.6633663366336634
3,0.7815533980582524,0.7128712871287128
1,0.33962264150943394,0.40594059405940597
1,0.543859649122807,0.5346534653465347
0,0.325,0.33663366336633666
3,0.6371681415929203,0.6732673267326733
1,0.5202020202020202,0.5742574257425742
1,0.32857142857142857,0.44554455445544555
0,0.3342245989304813,0.4752475247524752
0,0.26785714285714285,0.2376237623762376
1,0.5285714285714286,0.5148514851485149
3,0.6150627615062761,0.6732673267326733
2,0.35714285714285715,0.5346534653465347
3,0.7121212121212122,0.6435643564356436
1,0.3741648106904232,0.39603960396039606
2,0.4758842443729904,0.5247524752475248
0,0.19282511210762332,0.2871287128712871
2,0.4745762711864407,0.5643564356435643
0,0.1,0.2079207920792079
2,0.45507246376811594,0.44554455445544555
3,0.7068965517241379,0.5841584158415841
1,0.5195729537366548,0.5445544554455446
2,0.4146341463414634,0.4158415841584158
1,0.45555555555555555,0.5247524752475248
3,0.7422360248447205,0.7920792079207921
0,0.2824427480916031,0.27722772277227725
2,0.5836298932384342,0.5544554455445545
0,0.2727272727272727,0.33663366336633666
2,0.3050847457627119,0.4158415841584158
2,0.5059055118110236,0.5742574257425742
2,0.2127659574468085,0.45544554455445546
0,0.3939393939393939,0.38613861386138615
0,0.34022988505747126,0.3564356435643564
3,0.6675531914893617,0.7821782178217822
2,0.4074074074074074,0.48514851485148514
2,0.36231884057971014,0.42574257425742573
3,0.5688073394495413,0.594059405940594
0,0.3076923076923077,0.38613861386138615
0,0.25879396984924624,0.24752475247524752
0,0.3803863298662704,0.37623762376237624
0,0.2647058823529412,0.36633663366336633
1,0.4573643410852713,0.48514851485148514
0,0.257847533632287,0.27722772277227725
2,0.357487922705314,0.40594059405940597
3,0.5407725321888412,0.5841584158415841
3,0.664,0.6534653465346535
0,0.27631578947368424,0.27722772277227725
3,0.6554054054054054,0.5742574257425742
1,0.5025641025641026,0.5247524752475248
2,0.6233766233766234,0.5841584158415841
0,0.3096085409252669,0.31683168316831684
0,0.29838709677419356,0.38613861386138615
1,0.3333333333333333,0.504950495049505
2,0.5038759689922481,0.504950495049505
1,0.2,0.3465346534653465
1,0.42424242424242425,0.46534653465346537
0,0.17721518987341772,0.38613861386138615
1,0.4782608695652174,0.43564356435643564
1,0.5227272727272727,0.5148514851485149
2,0.30666666666666664,0.44554455445544555
0,0.13440860215053763,0.3564356435643564
0,0.3643724696356275,0.3069306930693069
1,0.4642857142857143,0.5841584158415841
0,0.23076923076923078,0.22772277227722773
2,0.22794117647058823,0.46534653465346537
3,0.5858895705521472,0.7029702970297029
0,0.27956989247311825,0.4158415841584158
3,0.6291666666666667,0.693069306930693
1,0.4883720930232558,0.49504950495049505
3,0.7011494252873564,0.693069306930693
0,0.281437125748503,0.3564356435643564
2,0.4387755102040816,0.39603960396039606
2,0.6,0.5544554455445545
2,0.4411764705882353,0.5247524752475248
2,0.4957983193277311,0.5247524752475248
1,0.5063291139240507,0.4752475247524752
3,0.5904255319148937,0.6039603960396039
0,0.26744186046511625,0.42574257425742573
3,0.5833333333333334,0.594059405940594
0,0.22302158273381295,0.37623762376237624
3,0.538961038961039,0.594059405940594
3,0.5426829268292683,0.5247524752475248
2,0.4652777777777778,0.5148514851485149
0,0.3670212765957447,0.39603960396039606
2,0.4166666666666667,0.4752475247524752
0,0.29577464788732394,0.36633663366336633
2,0.5074309978768577,0.5742574257425742
0,0.21830985915492956,0.3069306930693069
2,0.567741935483871,0.5247524752475248
0,0.37254901960784315,0.3069306930693069
1,0.392,0.40594059405940597
1,0.5625,0.48514851485148514
1,0.29545454545454547,0.43564356435643564
0,0.138996138996139,0.19801980198019803
0,0.1569767441860465,0.40594059405940597
1,0.3063063063063063,0.3564356435643564
3,0.6197183098591549,0.5841584158415841
2,0.4745762711864407,0.5247524752475248
0,0.1134185303514377,0.12871287128712872
0,0.30327868852459017,0.40594059405940597
1,0.5490196078431373,0.5742574257425742
1,0.2222222222222222,0.4158415841584158
1,0.3783783783783784,0.49504950495049505
2,0.5379310344827586,0.5445544554455446
2,0.3755274261603376,0.40594059405940597
0,0.24064171122994651,0.37623762376237624
0,0.37142857142857144,0.39603960396039606
0,0.16926503340757237,0.31683168316831684
2,0.5397489539748954,0.49504950495049505
3,0.6459627329192547,0.5643564356435643
2,0.4789915966386555,0.45544554455445546
0,0.22807017543859648,0.38613861386138615
3,0.7739463601532567,0.7920792079207921
3,0.6216730038022814,0.6039603960396039
1,0.46511627906976744,0.504950495049505
1,0.2549019607843137,0.4752475247524752
0,0.16353887399463807,0.22772277227722773
3,0.6,0.6237623762376238
3,0.6730769230769231,0.7029702970297029
0,0.1952662721893491,0.2079207920792079
0,0.3977272727272727,0.42574257425742573
3,0.6158038147138964,0.6039603960396039
0,0.25116279069767444,0.3069306930693069
3,0.6170212765957447,0.5742574257425742
0,0.2231404958677686,0.2376237623762376
1,0.38271604938271603,0.43564356435643564
0,0.3198090692124105,0.32673267326732675
1,0.41904761904761906,0.46534653465346537
0,0.16279069767441862,0.31683168316831684
1,0.3116883116883117,0.48514851485148514
3,0.767175572519084,0.7227722772277227
0,0.22193211488250653,0.27722772277227725
2,0.5833333333333334,0.5148514851485149
3,0.6666666666666666,0.693069306930693
0,0.2730627306273063,0.3564356435643564
1,0.46621621621621623,0.5346534653465347
1,0.31976744186046513,0.38613861386138615
2,0.5517241379310345,0.5346534653465347
1,0.4230769230769231,0.5247524752475248
0,0.32298136645962733,0.3465346534653465
0,0.32142857142857145,0.33663366336633666
0,0.2149122807017544,0.2871287128712871
2,0.4533333333333333,0.5247524752475248
2,0.5392156862745098,0.5445544554455446
3,0.49390243902439024,0.5841584158415841
1,0.5547945205479452,0.5346534653465347
3,0.5707434052757794,0.6336633663366337
0,0.4130019120458891,0.3465346534653465
2,0.45182724252491696,0.49504950495049505
3,0.6126126126126126,0.6138613861386139
2,0.31275720164609055,0.46534653465346537
0,0.27884615384615385,0.297029702970297
1,0.48091603053435117,0.5148514851485149
0,0.2783300198807157,0.21782178217821782
2,0.3694968553459119,0.39603960396039606
2,0.5202702702702703,0.46534653465346537
0,0.33608247422680415,0.31683168316831684
1,0.4523809523809524,0.44554455445544555
2,0.45020746887966806,0.5148514851485149
2,0.436046511627907,0.42574257425742573
1,0.4879032258064516,0.43564356435643564
0,0.2636363636363636,0.31683168316831684
1,0.34944237918215615,0.43564356435643564
0,0.4520123839009288,0.4158415841584158
1,0.23809523809523808,0.44554455445544555
3,0.6,0.5643564356435643
3,0.6089743589743589,0.5148514851485149
3,0.6907216494845361,0.7128712871287128
3,0.6,0.5643564356435643
3,0.8207171314741036,0.7920792079207921
0,0.42933333333333334,0.38613861386138615
2,0.5138888888888888,0.45544554455445546
2,0.672566371681416,0.5544554455445545
3,0.680672268907563,0.7128712871287128
0,0.1509433962264151,0.3069306930693069
0,0.45595854922279794,0.3465346534653465
1,0.32727272727272727,0.48514851485148514
3,0.5783132530120482,0.5247524752475248
0,0.23103448275862068,0.3564356435643564
2,0.5423728813559322,0.5742574257425742
1,0.6590909090909091,0.5742574257425742
1,0.5091743119266054,0.5247524752475248
0,0.16790490341753342,0.18811881188118812
0,0.18823529411764706,0.37623762376237624
1,0.5119760479041916,0.5445544554455446
0,0.47096774193548385,0.43564356435643564
0,0.26108374384236455,0.36633663366336633
0,0.2222222222222222,0.31683168316831684
1,0.25,0.48514851485148514
0,0.3103448275862069,0.31683168316831684
0,0.43609022556390975,0.4158415841584158
3,0.578397212543554,0.6237623762376238
2,0.23333333333333334,0.39603960396039606
3,0.6257668711656442,0.6138613861386139
1,0.37735849056603776,0.39603960396039606
1,0.3023255813953488,0.49504950495049505
0,0.25336927223719674,0.32673267326732675
0,0.2833333333333333,0.38613861386138615
1,0.21875,0.42574257425742573
2,0.5525114155251142,0.594059405940594
2,0.40853658536585363,0.46534653465346537
0,0.30239099859353025,0.36633663366336633
1,0.5454545454545454,0.5445544554455446
1,0.5,0.49504950495049505
1,0.46987951807228917,0.5346534653465347
3,0.5869565217391305,0.594059405940594
2,0.4270833333333333,0.43564356435643564
3,0.632,0.5445544554455446
0,0.10191082802547771,0.3069306930693069
2,0.39403973509933776,0.45544554455445546
1,0.4444444444444444,0.504950495049505
1,0.34527687296416937,0.4158415841584158
0,0.2222222222222222,0.39603960396039606
1,0.27976190476190477,0.49504950495049505
2,0.47465437788018433,0.40594059405940597
3,0.5964912280701754,0.7227722772277227
3,0.5202020202020202,0.6039603960396039
3,0.722397476340694,0.7722772277227723
2,0.41530054644808745,0.44554455445544555
2,0.3783783783783784,0.45544554455445546
3,0.6831683168316832,0.6237623762376238
0,0.4024896265560166,0.4158415841584158
3,0.5816326530612245,0.5445544554455446
0,0.32602739726027397,0.42574257425742573
0,0.3431952662721893,0.31683168316831684
1,0.4682274247491639,0.504950495049505
1,0.44155844155844154,0.5148514851485149
3,0.6585365853658537,0.5742574257425742
2,0.2974683544303797,0.4158415841584158
1,0.3739130434782609,0.42574257425742573
0,0.30638297872340425,0.3069306930693069
1,0.5686274509803921,0.5841584158415841
2,0.3693181818181818,0.39603960396039606
1,0.4375,0.44554455445544555
2,0.41346153846153844,0.4158415841584158
3,0.6101694915254238,0.5445544554455446
2,0.47368421052631576,0.48514851485148514
3,0.6622516556291391,0.6534653465346535
2,0.5205479452054794,0.48514851485148514
3,0.7297297297297297,0.5643564356435643
1,0.19047619047619047,0.5445544554455446
0,0.3007518796992481,0.33663366336633666
0,0.4271255060728745,0.33663366336633666
1,0.3125,0.46534653465346537
2,0.39215686274509803,0.45544554455445546
2,0.4921259842519685,0.5148514851485149
2,0.45454545454545453,0.5445544554455446
0,0.1431818181818182,0.16831683168316833
0,0.23267326732673269,0.27722772277227725
1,0.4264705882352941,0.44554455445544555
1,0.43137254901960786,0.5544554455445545
0,0.3425692695214106,0.32673267326732675
0,0.2875,0.33663366336633666
2,0.445,0.43564356435643564
3,0.6173469387755102,0.6732673267326733
1,0.5444444444444444,0.6039603960396039
1,0.4810810810810811,0.48514851485148514
3,0.7708333333333334,0.6633663366336634
3,0.5377358490566038,0.5643564356435643
2,0.5219512195121951,0.5544554455445545
0,0.3388704318936877,0.39603960396039606
2,0.4623188405797101,0.45544554455445546
0,0.29554655870445345,0.33663366336633666
2,0.3875,0.43564356435643564
1,0.3031674208144796,0.40594059405940597
2,0.4583333333333333,0.49504950495049505
2,0.5151515151515151,0.5148514851485149
2,0.44533333333333336,0.40594059405940597
0,0.16666666666666666,0.21782178217821782
0,0.37445573294629897,0.3465346534653465
3,0.5454545454545454,0.6138613861386139
1,0.36666666666666664,0.42574257425742573
1,0.3717948717948718,0.48514851485148514
0,0.17714285714285713,0.2871287128712871
2,0.5882352941176471,0.504950495049505
1,0.47619047619047616,0.49504950495049505
0,0.17285531370038412,0.18811881188118812
3,0.6,0.6534653465346535
3,0.5414012738853503,0.6138613861386139
2,0.4072398190045249,0.42574257425742573
1,0.3411764705882353,0.48514851485148514
3,0.6238938053097345,0.6435643564356436
2,0.2972972972972973,0.46534653465346537
1,0.40350877192982454,0.504950495049505
3,0.616504854368932,0.6435643564356436
1,0.5350877192982456,0.504950495049505
0,0.22727272727272727,0.3069306930693069
3,0.8445229681978799,0.8613861386138614
2,0.531055900621118,0.5544554455445545
1,0.2647058823529412,0.4158415841584158
0,0.19911504424778761,0.3069306930693069
2,0.4525,0.48514851485148514
1,0.31800766283524906,0.46534653465346537
1,0.3333333333333333,0.46534653465346537
2,0.48643006263048016,0.45544554455445546
3,0.7227272727272728,0.6732673267326733
3,0.5610687022900763,0.6138613861386139
3,0.5265306122448979,0.6237623762376238
3,0.8103448275862069,0.7920792079207921
3,0.5852713178294574,0.594059405940594
3,0.5789473684210527,0.5742574257425742
3,0.7129186602870813,0.7326732673267327
2,0.4430379746835443,0.4752475247524752
2,0.5056179775280899,0.504950495049505
1,0.45229681978798586,0.4158415841584158
2,0.5263157894736842,0.6039603960396039
0,0.3387096774193548,0.3564356435643564
0,0.3046594982078853,0.38613861386138615
0,0.22707423580786026,0.297029702970297
0,0.35944700460829493,0.37623762376237624
3,0.5303030303030303,0.6039603960396039
2,0.3581081081081081,0.48514851485148514
0,0.3116883116883117,0.36633663366336633
1,0.5748031496062992,0.43564356435643564
2,0.4722222222222222,0.504950495049505
1,0.3693181818181818,0.36633663366336633
0,0.22589531680440772,0.2376237623762376
0,0.2564102564102564,0.4158415841584158
3,0.6317460317460317,0.6831683168316832
3,0.6299212598425197,0.6435643564356436
1,0.5052631578947369,0.5742574257425742
0,0.24842767295597484,0.2871287128712871
3,0.5849802371541502,0.6237623762376238
3,0.6,0.6237623762376238
0,0.13268608414239483,0.19801980198019803
1,0.16666666666666666,0.43564356435643564
2,0.49230769230769234,0.5346534653465347
3,0.5348837209302325,0.5643564356435643
0,0.20440251572327045,0.2079207920792079
3,0.6714285714285714,0.6237623762376238
1,0.3448275862068966,0.4158415841584158
0,0.30711610486891383,0.3465346534653465
2,0.4152542372881356,0.46534653465346537
3,0.6448598130841121,0.6336633663366337
1,0.4722222222222222,0.5742574257425742
1,0.48089171974522293,0.42574257425742573
0,0.26256983240223464,0.37623762376237624
1,0.2413793103448276,0.6039603960396039
2,0.4699570815450644,0.45544554455445546
2,0.20588235294117646,0.5445544554455446
3,0.6627450980392157,0.693069306930693
0,0.1322463768115942,0.18811881188118812
3,0.4491525423728814,0.6039603960396039
2,0.3627450980392157,0.4752475247524752
1,0.47058823529411764,0.46534653465346537
1,0.3442622950819672,0.40594059405940597
3,0.6666666666666666,0.6336633663366337
2,0.5317919075144508,0.49504950495049505
3,0.6812865497076024,0.6435643564356436
2,0.38,0.504950495049505
2,0.4189189189189189,0.4752475247524752
2,0.5057471264367817,0.5346534653465347
3,0.7053571428571429,0.5544554455445545
3,0.5938566552901023,0.6435643564356436
1,0.3064516129032258,0.4752475247524752
0,0.017964071856287425,0.3069306930693069
3,0.5794392523364486,0.6732673267326733
1,0.46296296296296297,0.48514851485148514
1,0.3076923076923077,0.504950495049505
1,0.2931937172774869,0.4158415841584158
1,0.28205128205128205,0.5148514851485149
1,0.2976190476190476,0.44554455445544555
2,0.4642857142857143,0.504950495049505
2,0.5097493036211699,0.5346534653465347
2,0.38308457711442784,0.44554455445544555
2,0.5137844611528822,0.5445544554455446
2,0.4626865671641791,0.37623762376237624
1,0.35064935064935066,0.42574257425742573
0,0.23104693140794225,0.25742574257425743
0,0.13742690058479531,0.22772277227722773
3,0.6579572446555819,0.7227722772277227
1,0.3263157894736842,0.45544554455445546
3,0.6097560975609756,0.5445544554455446
3,0.6192893401015228,0.594059405940594
0,0.23904382470119523,0.40594059405940597
2,0.5469613259668509,0.5148514851485149
0,0.40186915887850466,0.42574257425742573
2,0.23529411764705882,0.46534653465346537
3,0.6081081081081081,0.6435643564356436
0,0.24376731301939059,0.2376237623762376
1,0.19230769230769232,0.4752475247524752
0,0.304,0.39603960396039606
0,0.24347826086956523,0.297029702970297
1,0.3157894736842105,0.42574257425742573
3,0.6058981233243967,0.693069306930693
0,0.18,0.3564356435643564
1,0.5128205128205128,0.48514851485148514
2,0.3544973544973545,0.39603960396039606
2,0.3055555555555556,0.46534653465346537
1,0.36313868613138683,0.37623762376237624
2,0.4226190476190476,0.5148514851485149
3,0.5626911314984709,0.5841584158415841
0,0.25878594249201275,0.3465346534653465
1,0.43137254901960786,0.504950495049505
1,0.3684210526315789,0.4752475247524752
1,0.5714285714285714,0.44554455445544555
0,0.145985401459854,0.297029702970297
0,0.3527272727272727,0.33663366336633666
2,0.4230769230769231,0.45544554455445546
2,0.32142857142857145,0.44554455445544555
2,0.4605678233438486,0.5247524752475248
1,0.2,0.43564356435643564
1,0.37777777777777777,0.44554455445544555
1,0.42,0.42574257425742573
1,0.32323232323232326,0.4752475247524752
1,0.44,0.5148514851485149
2,0.5083333333333333,0.5247524752475248
2,0.4745098039215686,0.5247524752475248
0,0.22590361445783133,0.2871287128712871
1,0.5086705202312138,0.5346534653465347
3,0.5042016806722689,0.6039603960396039
3,0.7554744525547445,0.7029702970297029
0,0.13043478260869565,0.13861386138613863
2,0.5176991150442478,0.5247524752475248
0,0.13584905660377358,0.2871287128712871
2,0.47126436781609193,0.4752475247524752
0,0.2214765100671141,0.297029702970297
1,0.5135135135135135,0.594059405940594
3,0.5685884691848907,0.594059405940594
2,0.3939393939393939,0.46534653465346537
3,0.6152173913043478,0.7029702970297029
1,0.3106060606060606,0.37623762376237624
3,0.8218390804597702,0.7227722772277227
1,0.5178571428571429,0.5445544554455446
3,0.6756756756756757,0.6831683168316832
2,0.5249343832020997,0.5643564356435643
1,0.3191489361702128,0.5148514851485149
0,0.1897590361445783,0.26732673267326734
0,0.19158878504672897,0.22772277227722773
2,0.40816326530612246,0.45544554455445546
1,0.5703703703703704,0.5445544554455446
2,0.5,0.5742574257425742
0,0.33157894736842103,0.38613861386138615
0,0.15555555555555556,0.38613861386138615
2,0.49074074074074076,0.504950495049505
0,0.2231404958677686,0.33663366336633666
1,0.6046511627906976,0.5643564356435643
1,0.23008849557522124,0.37623762376237624
1,0.40789473684210525,0.44554455445544555
2,0.4870848708487085,0.5841584158415841
2,0.46096654275092935,0.4158415841584158
2,0.5528846153846154,0.5643564356435643
1,0.453781512605042,0.43564356435643564
3,0.6742424242424242,0.6732673267326733
2,0.3710691823899371,0.43564356435643564
1,0.3952702702702703,0.5148514851485149
0,0.20152091254752852,0.26732673267326734
2,0.38362068965517243,0.38613861386138615
1,0.21649484536082475,0.46534653465346537
2,0.5914634146341463,0.48514851485148514
2,0.4375,0.46534653465346537
2,0.5161290322580645,0.5346534653465347
2,0.5558375634517766,0.5841584158415841
2,0.5573122529644269,0.504950495049505
2,0.543859649122807,0.5544554455445545
1,0.41818181818181815,0.46534653465346537
3,0.7556390977443609,0.7326732673267327
2,0.375,0.43564356435643564
0,0.3447488584474886,0.37623762376237624
0,0.29896907216494845,0.297029702970297
2,0.41025641025641024,0.40594059405940597
3,0.6503267973856209,0.7623762376237624
0,0.11861861861861862,0.15841584158415842
3,0.7264957264957265,0.6039603960396039
1,0.41358024691358025,0.43564356435643564
3,0.6090534979423868,0.6633663366336634
1,0.35545023696682465,0.37623762376237624
2,0.5952380952380952,0.5742574257425742
3,0.72,0.7623762376237624
1,0.6181818181818182,0.5346534653465347
1,0.5873015873015873,0.504950495049505
1,0.32432432432432434,0.42574257425742573
3,0.7671232876712328,0.6633663366336634
0,0.3509933774834437,0.36633663366336633
1,0.47468354430379744,0.504950495049505
3,0.7722772277227723,0.7029702970297029
3,0.6119402985074627,0.693069306930693
1,0.3951367781155015,0.43564356435643564
1,0.3787878787878788,0.46534653465346537
3,0.6893004115226338,0.7227722772277227
0,0.2689295039164491,0.3069306930693069
0,0.2205128205128205,0.33663366336633666
3,0.5151515151515151,0.6237623762376238
2,0.3884297520661157,0.42574257425742573
0,0.296551724137931,0.37623762376237624
2,0.4010840108401084,0.39603960396039606
0,0.3868194842406877,0.36633663366336633
0,0.28523489932885904,0.24752475247524752
3,0.6526315789473685,0.6633663366336634
2,0.3795180722891566,0.5148514851485149
3,0.7108433734939759,0.6732673267326733
0,0.4195121951219512,0.38613861386138615
0,0.2112676056338028,0.25742574257425743
2,0.31746031746031744,0.5247524752475248
2,0.4918032786885246,0.49504950495049505
2,0.2413793103448276,0.4158415841584158
1,0.4878048780487805,0.5445544554455446
1,0.1111111111111111,0.44554455445544555
1,0.5714285714285714,0.5445544554455446
0,0.3177257525083612,0.37623762376237624
2,0.47150259067357514,0.43564356435643564
0,0.3065015479876161,0.27722772277227725
0,0.3224489795918367,0.33663366336633666
0,0.43333333333333335,0.4158415841584158
3,0.6737967914438503,0.693069306930693
1,0.46875,0.4158415841584158
1,0.5714285714285714,0.49504950495049505
1,0.22857142857142856,0.46534653465346537
3,0.6149253731343284,0.6534653465346535
0,0.14285714285714285,0.3465346534653465
1,0.4688995215311005,0.44554455445544555
1,0.2638888888888889,0.4752475247524752
2,0.5641025641025641,0.5742574257425742
0,0.266025641025641,0.33663366336633666
0,0.3301282051282051,0.36633663366336633
3,0.6502057613168725,0.6237623762376238
0,0.1871345029239766,0.297029702970297
1,0.444015444015444,0.42574257425742573
1,0.42786069651741293,0.43564356435643564
3,0.5854545454545454,0.5148514851485149
0,0.34579439252336447,0.38613861386138615
0,0.23344947735191637,0.19801980198019803
0,0.20238095238095238,0.3069306930693069
0,0.1461100569259962,0.1485148514851485
3,0.6578947368421053,0.693069306930693
1,0.36363636363636365,0.4752475247524752
3,0.7138364779874213,0.6633663366336634
1,0.42424242424242425,0.5346534653465347
0,0.2671957671957672,0.3564356435643564
3,0.5987261146496815,0.5643564356435643
2,0.5038167938931297,0.46534653465346537
0,0.1865671641791045,0.2079207920792079
0,0.17307692307692307,0.297029702970297
2,0.45871559633027525,0.45544554455445546
0,0.22340425531914893,0.19801980198019803
0,0.327319587628866,0.37623762376237624
0,0.26666666666666666,0.33663366336633666
2,0.48,0.42574257425742573
2,0.6277602523659306,0.5346534653465347
3,0.6666666666666666,0.6435643564356436
0,0.1935483870967742,0.31683168316831684
3,0.6818181818181818,0.6831683168316832
1,0.6226415094339622,0.5148514851485149
1,0.25,0.37623762376237624
3,0.7402597402597403,0.6534653465346535
2,0.5213675213675214,0.48514851485148514
3,0.5654450261780105,0.5544554455445545
0,0.2952755905511811,0.42574257425742573
1,0.3870967741935484,0.4752475247524752
0,0.31736526946107785,0.3465346534653465
1,0.5428571428571428,0.5346534653465347
0,0.3157894736842105,0.31683168316831684
2,0.4583333333333333,0.504950495049505
2,0.6147186147186147,0.5643564356435643
0,0.13440860215053763,0.3564356435643564
2,0.3902439024390244,0.5742574257425742
1,0.23809523809523808,0.49504950495049505
1,0.21621621621621623,0.37623762376237624
2,0.2631578947368421,0.46534653465346537
2,0.2647058823529412,0.40594059405940597
1,0.1,0.44554455445544555
1,0.45614035087719296,0.48514851485148514
1,0.42105263157894735,0.48514851485148514
3,0.6522727272727272,0.6534653465346535
1,0.29411764705882354,0.46534653465346537
0,0.2774869109947644,0.31683168316831684
0,0.23035230352303523,0.297029702970297
0,0.23542116630669546,0.27722772277227725
1,0.3835616438356164,0.49504950495049505
3,0.5466237942122186,0.594059405940594
2,0.4931506849315068,0.5742574257425742
2,0.6829268292682927,0.5643564356435643
3,0.5849731663685152,0.7128712871287128
2,0.5274261603375527,0.5544554455445545
0,0.3793103448275862,0.42574257425742573
3,0.8173913043478261,0.693069306930693
3,0.5977653631284916,0.5544554455445545
3,0.7121212121212122,0.6336633663366337
2,0.5296442687747036,0.5148514851485149
1,0.6012658227848101,0.5643564356435643
3,0.5892857142857143,0.5742574257425742
2,0.43529411764705883,0.42574257425742573
1,0.5,0.46534653465346537
3,0.6929824561403509,0.6138613861386139
0,0.2808988764044944,0.36633663366336633
0,0.3394736842105263,0.3069306930693069
1,0.4125560538116592,0.4752475247524752
1,0.3333333333333333,0.42574257425742573
0,0.3509933774834437,0.36633663366336633
0,0.21846153846153846,0.2871287128712871
3,0.7936507936507936,0.693069306930693
1,0.65,0.5445544554455446
2,0.4222222222222222,0.44554455445544555
1,0.48364485981308414,0.49504950495049505
3,0.6484641638225256,0.6138613861386139
2,0.506,0.594059405940594
2,0.44052863436123346,0.45544554455445546
1,0.5961538461538461,0.4752475247524752
1,0.5042016806722689,0.46534653465346537
0,0.2764227642276423,0.44554455445544555
3,0.6007067137809188,0.5742574257425742
1,0.38596491228070173,0.5148514851485149
0,0.22058823529411764,0.39603960396039606
1,0.5238095238095238,0.48514851485148514
0,0.15853658536585366,0.32673267326732675
1,0.39473684210526316,0.43564356435643564
3,0.6885245901639344,0.6435643564356436
1,0.5,0.504950495049505
2,0.5,0.49504950495049505
1,0.4357142857142857,0.37623762376237624
2,0.4304812834224599,0.40594059405940597
1,0.35,0.43564356435643564
2,0.5340909090909091,0.48514851485148514
1,0.43478260869565216,0.49504950495049505
1,0.28,0.38613861386138615
3,0.5348837209302325,0.5643564356435643
2,0.49050632911392406,0.5346534653465347
2,0.45918367346938777,0.44554455445544555
0,0.24504950495049505,0.31683168316831684
0,0.23015873015873015,0.3069306930693069
0,0.2581967213114754,0.33663366336633666
2,0.3434343434343434,0.43564356435643564
0,0.2916666666666667,0.26732673267326734
0,0.27,0.38613861386138615
1,0.5121951219512195,0.48514851485148514
2,0.3684210526315789,0.5544554455445545
0,0.31954887218045114,0.3564356435643564
0,0.35813148788927335,0.3564356435643564
1,0.32727272727272727,0.44554455445544555
1,0.2634730538922156,0.46534653465346537
3,0.7150837988826816,0.7029702970297029
3,0.5942549371633752,0.6831683168316832
3,0.7671232876712328,0.6336633663366337
2,0.4490566037735849,0.5247524752475248
1,0.25862068965517243,0.4752475247524752
1,0.33653846153846156,0.46534653465346537
3,0.5126582278481012,0.5742574257425742
3,0.65625,0.6435643564356436
2,0.4,0.5247524752475248
1,0.36666666666666664,0.4752475247524752
2,0.5,0.5544554455445545
2,0.4591194968553459,0.5346534653465347
2,0.3609467455621302,0.42574257425742573
3,0.6886075949367089,0.7029702970297029
2,0.4834123222748815,0.5247524752475248
1,0.26153846153846155,0.45544554455445546
1,0.4426229508196721,0.44554455445544555
3,0.5827067669172933,0.6039603960396039
3,0.7230769230769231,0.6633663366336634
2,0.4473684210526316,0.5346534653465347
3,0.684931506849315,0.594059405940594
1,0.5,0.44554455445544555
3,0.7050359712230215,0.6435643564356436
1,0.45610687022900764,0.4752475247524752
3,0.7794117647058824,0.7821782178217822
1,0.2857142857142857,0.4752475247524752
3,0.7289377289377289,0.7524752475247525
2,0.3735632183908046,0.4752475247524752
2,0.4358974358974359,0.43564356435643564
0,0.273224043715847,0.2871287128712871
2,0.3880208333333333,0.45544554455445546
2,0.554140127388535,0.5148514851485149
2,0.5107758620689655,0.46534653465346537
2,0.3883495145631068,0.45544554455445546
1,0.5679012345679012,0.42574257425742573
1,0.3735632183908046,0.45544554455445546
1,0.3333333333333333,0.42574257425742573
1,0.3783783783783784,0.5148514851485149
1,0.5,0.48514851485148514
1,0.27692307692307694,0.44554455445544555
2,0.5673758865248227,0.5544554455445545
2,0.3918918918918919,0.49504950495049505
3,0.7535211267605634,0.6831683168316832
1,0.21739130434782608,0.43564356435643564
2,0.4,0.38613861386138615
1,0.45569620253164556,0.4752475247524752
0,0.40273037542662116,0.42574257425742573
2,0.6,0.5247524752475248
3,0.6591928251121076,0.7029702970297029
2,0.4857142857142857,0.5643564356435643
3,0.5204081632653061,0.6039603960396039
3,0.6086956521739131,0.6534653465346535
1,0.3333333333333333,0.42574257425742573
3,0.5714285714285714,0.6237623762376238
1,0.40714285714285714,0.42574257425742573
1,0.2079207920792079,0.4158415841584158
1,0.3829787234042553,0.4752475247524752
2,0.4880239520958084,0.4158415841584158
2,0.4511627906976744,0.39603960396039606
1,0.3695652173913043,0.504950495049505
1,0.3244274809160305,0.40594059405940597
2,0.39080459770114945,0.5148514851485149
1,0.45038167938931295,0.5445544554455446
2,0.4588235294117647,0.504950495049505
1,0.5,0.48514851485148514
3,0.5422343324250681,0.6237623762376238
2,0.5023584905660378,0.4752475247524752
1,0.4358974358974359,0.5445544554455446
3,0.6483050847457628,0.7029702970297029
2,0.5445544554455446,0.5346534653465347
0,0.168141592920354,0.32673267326732675
1,0.3333333333333333,0.37623762376237624
0,0.31746031746031744,0.2871287128712871
2,0.44,0.5445544554455446
0,0.26865671641791045,0.3069306930693069
1,0.09090909090909091,0.40594059405940597
2,0.4101123595505618,0.43564356435643564
1,0.6619718309859155,0.5544554455445545
0,0.24203821656050956,0.3564356435643564
3,0.5454545454545454,0.5742574257425742
2,0.36619718309859156,0.43564356435643564
1,0.45588235294117646,0.48514851485148514
2,0.5375939849624061,0.5742574257425742
2,0.42528735632183906,0.44554455445544555
1,0.2631578947368421,0.48514851485148514
2,0.5118483412322274,0.5346534653465347
2,0.2571428571428571,0.43564356435643564
2,0.49038461538461536,0.5643564356435643
3,0.5278219395866455,0.5742574257425742
2,0.3916083916083916,0.46534653465346537
1,0.31645569620253167,0.4158415841584158
0,0.14084507042253522,0.38613861386138615
1,0.5128205128205128,0.4158415841584158
2,0.5923076923076923,0.46534653465346537
3,0.6198347107438017,0.6534653465346535
0,0.3188405797101449,0.3465346534653465
1,0.3888888888888889,0.42574257425742573
1,0.32978723404255317,0.45544554455445546
3,0.5826771653543307,0.6336633663366337
1,0.44642857142857145,0.46534653465346537
0,0.29704510108864696,0.33663366336633666
3,0.5767918088737202,0.6336633663366337
0,0.27800829875518673,0.38613861386138615
0,0.2846715328467153,0.26732673267326734
0,0.3592233009708738,0.4158415841584158
1,0.4188034188034188,0.42574257425742573
1,0.4819277108433735,0.49504950495049505
0,0.38380281690140844,0.36633663366336633
1,0.26153846153846155,0.44554455445544555
0,0.18421052631578946,0.33663366336633666
2,0.32786885245901637,0.44554455445544555
1,0.1702127659574468,0.48514851485148514
1,0.3,0.43564356435643564
2,0.5180722891566265,0.5346534653465347
3,0.6717171717171717,0.7623762376237624
2,0.4791666666666667,0.42574257425742573
0,0.2721238938053097,0.19801980198019803
3,0.5296052631578947,0.594059405940594
1,0.3058823529411765,0.4158415841584158
3,0.5726872246696035,0.6138613861386139
3,0.8,0.7722772277227723
3,0.5769230769230769,0.5841584158415841
1,0.5443037974683544,0.5148514851485149
0,0.1953125,0.27722772277227725
3,0.609375,0.6138613861386139
3,0.6042780748663101,0.6435643564356436
2,0.34545454545454546,0.5346534653465347
0,0.3150242326332795,0.297029702970297
0,0.2575187969924812,0.24752475247524752
2,0.42758620689655175,0.45544554455445546
2,0.3125,0.42574257425742573
2,0.4056603773584906,0.44554455445544555
0,0.24378109452736318,0.37623762376237624
1,0.5033112582781457,0.46534653465346537
1,0.38652482269503546,0.44554455445544555
0,0.2883895131086142,0.37623762376237624
0,0.3242506811989101,0.38613861386138615
2,0.3817204301075269,0.40594059405940597
1,0.3392857142857143,0.44554455445544555
2,0.4934782608695652,0.504950495049505
1,0.494949494949495,0.5841584158415841
3,0.5933333333333334,0.6039603960396039
0,0.34076433121019106,0.36633663366336633
1,0.2962962962962963,0.44554455445544555
1,0.5192307692307693,0.5544554455445545
1,0.4025974025974026,0.43564356435643564
0,0.3129411764705882,0.39603960396039606
0,0.2857142857142857,0.3465346534653465
0,0.21115537848605578,0.32673267326732675
1,0.19607843137254902,0.48514851485148514
2,0.2698412698412698,0.39603960396039606
1,0.3611111111111111,0.43564356435643564
0,0.33472803347280333,0.32673267326732675
0,0.24444444444444444,0.3564356435643564
1,0.3448275862068966,0.5247524752475248
0,0.13544668587896252,0.21782178217821782
0,0.14521452145214522,0.24752475247524752
2,0.5180722891566265,0.5742574257425742
0,0.39198606271777003,0.36633663366336633
3,0.7774086378737541,0.801980198019802
0,0.3063063063063063,0.3564356435643564
0,0.29957805907172996,0.37623762376237624
0,0.30350877192982456,0.2871287128712871
3,0.8104575163398693,0.693069306930693
2,0.6329113924050633,0.5247524752475248
1,0.5767441860465117,0.5742574257425742
2,0.494949494949495,0.6039603960396039
3,0.7846607669616519,0.7326732673267327
2,0.5729166666666666,0.5346534653465347
2,0.41566265060240964,0.4158415841584158
2,0.4607329842931937,0.5148514851485149
2,0.32222222222222224,0.45544554455445546
3,0.6623376623376623,0.6831683168316832
1,0.5269922879177378,0.5841584158415841
2,0.6169354838709677,0.5247524752475248
2,0.3220338983050847,0.504950495049505
3,0.6327868852459017,0.7326732673267327
0,0.19254658385093168,0.38613861386138615
2,0.3217391304347826,0.504950495049505
3,0.6195121951219512,0.6336633663366337
1,0.30952380952380953,0.504950495049505
3,0.7840909090909091,0.6732673267326733
0,0.06162464985994398,0.19801980198019803
0,0.26490066225165565,0.38613861386138615
0,0.2542955326460481,0.297029702970297
1,0.5476190476190477,0.48514851485148514
3,0.6408839779005525,0.594059405940594
1,0.34285714285714286,0.4158415841584158
1,0.34615384615384615,0.504950495049505
1,0.3333333333333333,0.48514851485148514
1,0.5723684210526315,0.5445544554455446
0,0.2297872340425532,0.25742574257425743
1,0.5,0.5544554455445545
2,0.4568764568764569,0.43564356435643564
0,0.33043478260869563,0.44554455445544555
1,0.2843601895734597,0.38613861386138615
1,0.4864864864864865,0.4752475247524752
0,0.2839506172839506,0.3564356435643564
1,0.07547169811320754,0.4158415841584158
0,0.34868421052631576,0.33663366336633666
2,0.36752136752136755,0.5247524752475248
3,0.6306306306306306,0.5841584158415841
2,0.46808510638297873,0.594059405940594
2,0.4883720930232558,0.40594059405940597
2,0.5256410256410257,0.6039603960396039
0,0.23113207547169812,0.3564356435643564
1,0.49514563106796117,0.49504950495049505
0,0.225,0.3465346534653465
2,0.4791666666666667,0.5445544554455446
1,0.43352601156069365,0.44554455445544555
1,0.5490196078431373,0.5346534653465347
0,0.24043715846994534,0.3564356435643564
0,0.42543859649122806,0.38613861386138615
1,0.45454545454545453,0.5247524752475248
0,0.38333333333333336,0.39603960396039606
0,0.18421052631578946,0.40594059405940597
0,0.2571428571428571,0.31683168316831684
1,0.34328358208955223,0.4752475247524752
1,0.5772357723577236,0.48514851485148514
0,0.3249607535321821,0.2871287128712871
0,0.3155737704918033,0.4158415841584158
1,0.3333333333333333,0.5544554455445545
0,0.28338762214983715,0.33663366336633666
3,0.5771812080536913,0.5841584158415841
1,0.4,0.5445544554455446
1,0.5555555555555556,0.5148514851485149
1,0.34285714285714286,0.39603960396039606
3,0.6666666666666666,0.6831683168316832
3,0.5673076923076923,0.6039603960396039
1,0.3880597014925373,0.49504950495049505
1,0.4716981132075472,0.504950495049505
2,0.5,0.504950495049505
2,0.45555555555555555,0.43564356435643564
1,0.41935483870967744,0.5742574257425742
3,0.5511363636363636,0.5445544554455446
0,0.15931372549019607,0.1782178217821782
2,0.29,0.3465346534653465
2,0.527027027027027,0.5346534653465347
2,0.4574468085106383,0.4752475247524752
2,0.19444444444444445,0.48514851485148514
2,0.5808383233532934,0.48514851485148514
2,0.5623188405797102,0.5742574257425742
3,0.519650655021834,0.6039603960396039
1,0.4642857142857143,0.5544554455445545
3,0.5831062670299727,0.6435643564356436
2,0.5478723404255319,0.5841584158415841
1,0.4444444444444444,0.504950495049505
3,0.5746031746031746,0.6534653465346535
3,0.5318471337579618,0.5445544554455446
1,0.28125,0.37623762376237624
3,0.572289156626506,0.6336633663366337
2,0.5487804878048781,0.5643564356435643
2,0.4342105263157895,0.48514851485148514
2,0.4307692307692308,0.4158415841584158
1,0.29411764705882354,0.44554455445544555
0,0.3658008658008658,0.297029702970297
1,0.3968253968253968,0.38613861386138615
3,0.859375,0.7722772277227723
2,0.34782608695652173,0.46534653465346537
3,0.6416382252559727,0.6237623762376238
3,0.5538461538461539,0.5544554455445545
1,0.4623115577889447,0.49504950495049505
2,0.4892703862660944,0.49504950495049505
0,0.3333333333333333,0.4158415841584158
3,0.5842696629213483,0.6435643564356436
2,0.6031746031746031,0.6138613861386139
3,0.5186721991701245,0.5841584158415841
2,0.5739130434782609,0.5346534653465347
0,0.24067796610169492,0.3069306930693069
1,0.5384615384615384,0.4752475247524752
1,0.3211009174311927,0.39603960396039606
0,0.09375,0.297029702970297
2,0.5148936170212766,0.5148514851485149
1,0.47572815533980584,0.48514851485148514
3,0.6555555555555556,0.6633663366336634
2,0.5,0.5148514851485149
1,0.43137254901960786,0.46534653465346537
2,0.6142857142857143,0.5445544554455446
3,0.5402298850574713,0.5841584158415841
0,0.32061068702290074,0.32673267326732675
2,0.6136363636363636,0.5544554455445545
2,0.44813278008298757,0.5247524752475248
1,0.3370165745856354,0.38613861386138615
3,0.7096774193548387,0.6435643564356436
0,0.21649484536082475,0.2871287128712871
2,0.459214501510574,0.45544554455445546
3,0.5445544554455446,0.594059405940594
1,0.3684210526315789,0.49504950495049505
2,0.42207792207792205,0.49504950495049505
2,0.6187845303867403,0.5841584158415841
3,0.7491166077738516,0.7128712871287128
2,0.4494949494949495,0.49504950495049505
1,0.4809688581314879,0.5247524752475248
2,0.4634146341463415,0.44554455445544555
2,0.4268292682926829,0.44554455445544555
0,0.21658986175115208,0.2871287128712871
3,0.67,0.6237623762376238
3,0.48255813953488375,0.5346534653465347
0,0.3372093023255814,0.44554455445544555
3,0.5882352941176471,0.5643564356435643
1,0.4230769230769231,0.504950495049505
0,0.26461538461538464,0.32673267326732675
0,0.14112903225806453,0.21782178217821782
0,0.24623115577889448,0.32673267326732675
2,0.24528301886792453,0.5742574257425742
0,0.23809523809523808,0.32673267326732675
2,0.3181818181818182,0.4752475247524752
0,0.3052391799544419,0.33663366336633666
1,0.36363636363636365,0.48514851485148514
1,0.29,0.37623762376237624
2,0.48788927335640137,0.45544554455445546
3,0.5575221238938053,0.594059405940594
1,0.5339805825242718,0.4752475247524752
3,0.7299270072992701,0.7722772277227723
1,0.46511627906976744,0.504950495049505
1,0.3803680981595092,0.3564356435643564
0,0.3471264367816092,0.40594059405940597
2,0.48502994011976047,0.45544554455445546
0,0.2032520325203252,0.2871287128712871
1,0.4186046511627907,0.5148514851485149
2,0.49099099099099097,0.48514851485148514
1,0.5043988269794721,0.5247524752475248
0,0.42038216560509556,0.36633663366336633
0,0.3610503282275711,0.3465346534653465
2,0.4967032967032967,0.49504950495049505
3,0.6187845303867403,0.5841584158415841
1,0.42962962962962964,0.5841584158415841
2,0.2647058823529412,0.48514851485148514
0,0.2894211576846307,0.27722772277227725
2,0.477326968973747,0.46534653465346537
2,0.24444444444444444,0.4752475247524752
1,0.25806451612903225,0.5148514851485149
0,0.11363636363636363,0.24752475247524752
0,0.296875,0.27722772277227725
0,0.27896995708154504,0.3564356435643564
1,0.4856115107913669,0.504950495049505
2,0.28217821782178215,0.43564356435643564
2,0.44755244755244755,0.49504950495049505
3,0.7019867549668874,0.693069306930693
0,0.24663677130044842,0.31683168316831684
0,0.345707656612529,0.2871287128712871
0,0.2482758620689655,0.33663366336633666
2,0.54,0.45544554455445546
1,0.3057324840764331,0.43564356435643564
3,0.5527638190954773,0.6039603960396039
1,0.34285714285714286,0.48514851485148514
0,0.29699248120300753,0.2871287128712871
1,0.5238095238095238,0.46534653465346537
2,0.4745762711864407,0.44554455445544555
0,0.30971128608923887,0.31683168316831684
0,0.24210526315789474,0.25742574257425743
1,0.0410958904109589,0.39603960396039606
0,0.31950207468879666,0.24752475247524752
2,0.36470588235294116,0.42574257425742573
2,0.36486486486486486,0.42574257425742573
2,0.36294027565084225,0.40594059405940597
2,0.5657370517928287,0.5544554455445545
1,0.203125,0.5247524752475248
3,0.6030534351145038,0.6138613861386139
3,0.6914893617021277,0.5841584158415841
3,0.6774193548387096,0.6336633663366337
3,0.7281553398058253,0.6237623762376238
3,0.676595744680851,0.6336633663366337
3,0.7734375,0.6732673267326733
3,0.5981308411214953,0.5841584158415841
1,0.37662337662337664,0.46534653465346537
2,0.5517241379310345,0.4752475247524752
3,0.689795918367347,0.7128712871287128
0,0.375,0.3465346534653465
1,0.44964028776978415,0.42574257425742573
1,0.5445544554455446,0.5742574257425742
2,0.484472049689441,0.5346534653465347
3,0.6788990825688074,0.6237623762376238
2,0.5501618122977346,0.5742574257425742
0,0.4065934065934066,0.4158415841584158
0,0.03571428571428571,0.36633663366336633
3,0.7017543859649122,0.6138613861386139
2,0.5632183908045977,0.5148514851485149
3,0.6712095400340715,0.693069306930693
0,0.29310344827586204,0.31683168316831684
3,0.6547231270358306,0.7425742574257426
3,0.6141975308641975,0.6534653465346535
2,0.47701149425287354,0.5841584158415841
2,0.5287356321839081,0.5544554455445545
0,0.15725806451612903,0.3465346534653465
1,0.41818181818181815,0.44554455445544555
3,0.6160877513711152,0.6237623762376238
1,0.3090909090909091,0.49504950495049505
2,0.3688212927756654,0.38613861386138615
2,0.5564516129032258,0.5445544554455446
0,0.21341463414634146,0.38613861386138615
2,0.2983425414364641,0.44554455445544555
1,0.42748091603053434,0.46534653465346537
0,0.09115281501340483,0.18811881188118812
2,0.37333333333333335,0.4158415841584158
0,0.16901408450704225,0.3564356435643564
1,0.23809523809523808,0.48514851485148514
1,0.25925925925925924,0.46534653465346537
0,0.23109243697478993,0.27722772277227725
2,0.631578947368421,0.49504950495049505
2,0.48148148148148145,0.45544554455445546
0,0.2081447963800905,0.31683168316831684
0,0.2967032967032967,0.3465346534653465
0,0.3389830508474576,0.40594059405940597
2,0.34,0.4158415841584158
2,0.4806201550387597,0.504950495049505
1,0.3305785123966942,0.42574257425742573
1,0.461734693877551,0.38613861386138615
1,0.34285714285714286,0.48514851485148514
3,0.5688073394495413,0.6336633663366337
0,0.3206751054852321,0.3069306930693069
2,0.17647058823529413,0.4752475247524752
1,0.3140495867768595,0.40594059405940597
1,0.31666666666666665,0.49504950495049505
2,0.42443729903536975,0.43564356435643564
2,0.6464646464646465,0.5643564356435643
0,0.3516949152542373,0.27722772277227725
1,0.4868913857677903,0.49504950495049505
0,0.2905982905982906,0.39603960396039606
2,0.4110429447852761,0.4158415841584158
1,0.2916666666666667,0.40594059405940597
2,0.5564738292011019,0.5841584158415841
2,0.42196531791907516,0.4752475247524752
3,0.7846153846153846,0.7920792079207921
1,0.55,0.5247524752475248
3,0.6457399103139013,0.6138613861386139
1,0.49794238683127573,0.5346534653465347
1,0.49214659685863876,0.45544554455445546
0,0.27011494252873564,0.32673267326732675
1,0.4,0.5148514851485149
1,0.26666666666666666,0.504950495049505
0,0.26881720430107525,0.42574257425742573
3,0.9,0.8514851485148515
2,0.4152542372881356,0.42574257425742573
1,0.37662337662337664,0.49504950495049505
1,0.4256198347107438,0.46534653465346537
1,0.27450980392156865,0.38613861386138615
2,0.42016806722689076,0.4158415841584158
3,0.7061855670103093,0.7227722772277227
1,0.41361256544502617,0.5247524752475248
3,0.6899038461538461,0.6831683168316832
2,0.44635193133047213,0.44554455445544555
0,0.25838509316770186,0.25742574257425743
2,0.3870967741935484,0.5247524752475248
1,0.49523809523809526,0.48514851485148514
3,0.9577464788732394,0.7623762376237624
2,0.453125,0.5247524752475248
2,0.5105633802816901,0.5643564356435643
3,0.680952380952381,0.6831683168316832
2,0.3333333333333333,0.42574257425742573
1,0.5106382978723404,0.5841584158415841
3,0.7901907356948229,0.8415841584158416
1,0.3423076923076923,0.4158415841584158
3,0.5823529411764706,0.6336633663366337
2,0.5067385444743935,0.48514851485148514
0,0.332378223495702,0.297029702970297
0,0.3262411347517731,0.40594059405940597
1,0.4198473282442748,0.44554455445544555
3,0.6653543307086615,0.7029702970297029
1,0.4935064935064935,0.4752475247524752
1,0.5131578947368421,0.5346534653465347
1,0.3488372093023256,0.504950495049505
3,0.58,0.5742574257425742
2,0.5285714285714286,0.5148514851485149
2,0.47129909365558914,0.45544554455445546
3,0.5192307692307693,0.5643564356435643
1,0.5454545454545454,0.44554455445544555
2,0.524390243902439,0.49504950495049505
1,0.3116883116883117,0.46534653465346537
3,0.68125,0.6435643564356436
3,0.7327935222672065,0.7821782178217822
2,0.5645161290322581,0.6138613861386139
3,0.7896551724137931,0.7623762376237624
3,0.6171875,0.5148514851485149
2,0.5740740740740741,0.46534653465346537
1,0.5227272727272727,0.5148514851485149
3,0.5699481865284974,0.5742574257425742
1,0.45569620253164556,0.5148514851485149
1,0.4866666666666667,0.5247524752475248
0,0.300561797752809,0.33663366336633666
2,0.4114285714285714,0.48514851485148514
0,0.24193548387096775,0.36633663366336633
3,0.6019417475728155,0.5544554455445545
0,0.2676056338028169,0.43564356435643564
0,0.216,0.32673267326732675
1,0.4,0.48514851485148514
2,0.11538461538461539,0.504950495049505
2,0.4233128834355828,0.4752475247524752
2,0.4696969696969697,0.5346534653465347
3,0.567741935483871,0.6336633663366337
0,0.18565400843881857,0.27722772277227725
2,0.3604060913705584,0.4752475247524752
0,0.20987654320987653,0.3564356435643564
2,0.47368421052631576,0.49504950495049505
0,0.19895287958115182,0.32673267326732675
1,0.27586206896551724,0.42574257425742573
3,0.6289592760180995,0.6633663366336634
2,0.49169435215946844,0.5544554455445545
1,0.49714285714285716,0.594059405940594
3,0.5295404814004376,0.5445544554455446
1,0.49122807017543857,0.5148514851485149
0,0.09090909090909091,0.32673267326732675
1,0.5,0.46534653465346537
1,0.3076923076923077,0.5544554455445545
0,0.42857142857142855,0.38613861386138615
1,0.49504950495049505,0.43564356435643564
3,0.6066176470588235,0.5742574257425742
2,0.45985401459854014,0.43564356435643564
2,0.4213075060532688,0.38613861386138615
0,0.25316455696202533,0.3465346534653465
2,0.5189873417721519,0.504950495049505
1,0.575,0.504950495049505
2,0.5193621867881549,0.5445544554455446
2,0.3470319634703196,0.46534653465346537
0,0.24180327868852458,0.18811881188118812
3,0.5535248041775457,0.6039603960396039
2,0.3804878048780488,0.45544554455445546
3,0.5454545454545454,0.6237623762376238
1,0.24444444444444444,0.46534653465346537
0,0.3236994219653179,0.39603960396039606
2,0.4381338742393509,0.37623762376237624
3,0.6019900497512438,0.6336633663366337
0,0.2773109243697479,0.3564356435643564
1,0.6338028169014085,0.504950495049505
3,0.673469387755102,0.7425742574257426
3,0.82,0.7722772277227723
1,0.5432098765432098,0.45544554455445546
1,0.2,0.42574257425742573
3,0.7945945945945946,0.7920792079207921
2,0.34831460674157305,0.43564356435643564
1,0.5266666666666666,0.46534653465346537
0,0.12352941176470589,0.32673267326732675
2,0.5177304964539007,0.5148514851485149
0,0.25,0.37623762376237624
2,0.4660633484162896,0.42574257425742573
3,0.7055016181229773,0.7029702970297029
0,0.24364406779661016,0.26732673267326734
2,0.5419847328244275,0.594059405940594
0,0.23205342237061768,0.25742574257425743
1,0.5406698564593302,0.5544554455445545
3,0.6262135922330098,0.6633663366336634
1,0.3333333333333333,0.43564356435643564
1,0.39285714285714285,0.4752475247524752
0,0.3870967741935484,0.36633663366336633
3,0.9322033898305084,0.7425742574257426
0,0.2737430167597765,0.297029702970297
0,0.25,0.3465346534653465
1,0.3780487804878049,0.48514851485148514
3,0.6585365853658537,0.6039603960396039
1,0.5161290322580645,0.48514851485148514
2,0.5474452554744526,0.5148514851485149
1,0.453781512605042,0.49504950495049505
1,0.4787234042553192,0.44554455445544555
0,0.33557046979865773,0.31683168316831684
2,0.3964757709251101,0.44554455445544555
0,0.15730337078651685,0.46534653465346537
2,0.43,0.4752475247524752
3,0.5157894736842106,0.6237623762376238
0,0.22287968441814596,0.27722772277227725
1,0.37254901960784315,0.45544554455445546
3,0.6363636363636364,0.5841584158415841
0,0.2169811320754717,0.26732673267326734
0,0.018315018315018316,0.2376237623762376
0,0.455470737913486,0.39603960396039606
1,0.4117647058823529,0.49504950495049505
2,0.3181818181818182,0.504950495049505
0,0.14594594594594595,0.33663366336633666
1,0.38235294117647056,0.5148514851485149
3,0.6606498194945848,0.7623762376237624
3,0.7393939393939394,0.6831683168316832
2,0.44680851063829785,0.48514851485148514
0,0.20273348519362186,0.2376237623762376
2,0.4742857142857143,0.43564356435643564
0,0.3343949044585987,0.25742574257425743
0,0.2810810810810811,0.33663366336633666
0,0.33773584905660375,0.3465346534653465
3,0.6692307692307692,0.6039603960396039
1,0.5348837209302325,0.504950495049505
1,0.26605504587155965,0.45544554455445546
0,0.26582278481012656,0.3069306930693069
2,0.42857142857142855,0.504950495049505
0,0.38686131386861317,0.36633663366336633
2,0.4583333333333333,0.48514851485148514
2,0.4847328244274809,0.49504950495049505
2,0.4519230769230769,0.48514851485148514
2,0.436241610738255,0.48514851485148514
2,0.41106719367588934,0.5445544554455446
2,0.1891891891891892,0.504950495049505
0,0.087893864013267,0.1485148514851485
2,0.47802197802197804,0.5346534653465347
2,0.47335423197492166,0.5148514851485149
1,0.49693251533742333,0.504950495049505
3,0.5087719298245614,0.5346534653465347
2,0.44545454545454544,0.5148514851485149
2,0.4463087248322148,0.42574257425742573
2,0.5193798449612403,0.44554455445544555
1,0.3278008298755187,0.4158415841584158
3,0.7296137339055794,0.6336633663366337
1,0.28888888888888886,0.4158415841584158
2,0.43548387096774194,0.4752475247524752
3,0.6279683377308707,0.6039603960396039
1,0.5572519083969466,0.46534653465346537
0,0.1437908496732026,0.27722772277227725
3,0.5314285714285715,0.5346534653465347
2,0.46616541353383456,0.5247524752475248
0,0.21,0.32673267326732675
2,0.4247104247104247,0.4158415841584158
1,0.5384615384615384,0.5346534653465347
1,0.27522935779816515,0.40594059405940597
2,0.39488636363636365,0.4158415841584158
1,0.3137254901960784,0.44554455445544555
3,0.6976744186046512,0.5742574257425742
2,0.5833333333333334,0.5445544554455446
1,0.4074074074074074,0.5148514851485149
3,0.5591397849462365,0.5247524752475248
0,0.3215339233038348,0.3069306930693069
1,0.2916666666666667,0.45544554455445546
3,0.6423841059602649,0.6237623762376238
0,0.33488372093023255,0.33663366336633666
3,0.8571428571428571,0.7326732673267327
3,0.5594713656387665,0.5544554455445545
1,0.39285714285714285,0.5346534653465347
1,0.4782608695652174,0.5643564356435643
0,0.3411371237458194,0.3564356435643564
0,0.3548387096774194,0.42574257425742573
2,0.49019607843137253,0.5247524752475248
1,0.2564102564102564,0.4752475247524752
2,0.3055555555555556,0.40594059405940597
1,0.3717948717948718,0.43564356435643564
2,0.5517241379310345,0.5544554455445545
1,0.42857142857142855,0.44554455445544555
0,0.2831858407079646,0.3069306930693069
0,0.38688524590163936,0.38613861386138615
1,0.25,0.46534653465346537
2,0.5174537987679672,0.5643564356435643
2,0.42424242424242425,0.5445544554455446
0,0.05,0.18811881188118812
3,0.7134670487106017,0.693069306930693
3,0.6,0.5445544554455446
2,0.5583126550868487,0.6138613861386139
1,0.5374149659863946,0.44554455445544555
0,0.3613013698630137,0.3069306930693069
0,0.20670391061452514,0.37623762376237624
2,0.45454545454545453,0.44554455445544555
1,0.40555555555555556,0.43564356435643564
0,0.28174603174603174,0.3069306930693069
3,0.7571884984025559,0.7227722772277227
1,0.5592592592592592,0.504950495049505
0,0.22033898305084745,0.44554455445544555
1,0.20689655172413793,0.42574257425742573
3,0.6578073089700996,0.7227722772277227
0,0.33773087071240104,0.2871287128712871
0,0.42394822006472493,0.40594059405940597
3,0.6262975778546713,0.6831683168316832
3,0.75,0.6435643564356436
1,0.4205607476635514,0.5247524752475248
1,0.45098039215686275,0.43564356435643564
2,0.4426229508196721,0.48514851485148514
0,0.2527075812274368,0.39603960396039606
1,0.4626865671641791,0.4752475247524752
0,0.3012658227848101,0.3564356435643564
1,0.46923076923076923,0.4752475247524752
3,0.8156028368794326,0.6831683168316832
0,0.19298245614035087,0.2376237623762376
1,0.2564102564102564,0.37623762376237624
2,0.5,0.5247524752475248
0,0.2832369942196532,0.33663366336633666
2,0.4866666666666667,0.4752475247524752
0,0.362962962962963,0.4158415841584158
2,0.3181818181818182,0.49504950495049505
0,0.1050228310502283,0.27722772277227725
1,0.3972602739726027,0.43564356435643564
0,0.3290155440414508,0.3465346534653465
3,0.6666666666666666,0.5247524752475248
2,0.5483870967741935,0.5445544554455446
2,0.6020066889632107,0.5742574257425742
3,0.6043956043956044,0.6138613861386139
0,0.287593984962406,0.2376237623762376
2,0.6052631578947368,0.5247524752475248
2,0.42342342342342343,0.49504950495049505
0,0.2513089005235602,0.2871287128712871
3,0.6058394160583942,0.6138613861386139
3,0.5483870967741935,0.5841584158415841
3,0.6262376237623762,0.6831683168316832
2,0.6785714285714286,0.5643564356435643
0,0.26973684210526316,0.3564356435643564
1,0.4,0.45544554455445546
0,0.1736111111111111,0.3069306930693069
3,0.5610859728506787,0.6435643564356436
2,0.4409090909090909,0.504950495049505
2,0.40336134453781514,0.5445544554455446
2,0.3333333333333333,0.504950495049505
0,0.33675564681724846,0.32673267326732675
3,0.680952380952381,0.6534653465346535
1,0.4186046511627907,0.5346534653465347
2,0.5750708215297451,0.5247524752475248
3,0.7787610619469026,0.7524752475247525
0,0.18877551020408162,0.24752475247524752
2,0.42857142857142855,0.4158415841584158
1,0.40784313725490196,0.3465346534653465
0,0.3055555555555556,0.31683168316831684
1,0.45454545454545453,0.5148514851485149
1,0.4768211920529801,0.48514851485148514
0,0.37534246575342467,0.31683168316831684
1,0.3684210526315789,0.40594059405940597
2,0.5165876777251185,0.5445544554455446
1,0.4177215189873418,0.42574257425742573
3,0.6216216216216216,0.6138613861386139
2,0.501010101010101,0.5544554455445545
1,0.359375,0.5643564356435643
2,0.525,0.5742574257425742
1,0.2631578947368421,0.4752475247524752
1,0.3142857142857143,0.39603960396039606
3,0.8758620689655172,0.6732673267326733
2,0.39919354838709675,0.38613861386138615
0,0.15185185185185185,0.3069306930693069
3,0.5636942675159236,0.5742574257425742
1,0.5555555555555556,0.5346534653465347
2,0.13157894736842105,0.45544554455445546
3,0.8264462809917356,0.8316831683168316
1,0.4247787610619469,0.40594059405940597
0,0.24083769633507854,0.297029702970297
3,0.7205240174672489,0.7524752475247525
1,0.2972972972972973,0.48514851485148514
1,0.5393258426966292,0.5247524752475248
0,0.23255813953488372,0.3465346534653465
0,0.25,0.42574257425742573
1,0.45454545454545453,0.45544554455445546
1,0.5696969696969697,0.5445544554455446
1,0.49056603773584906,0.45544554455445546
1,0.49206349206349204,0.49504950495049505
0,0.18181818181818182,0.32673267326732675
1,0.4782608695652174,0.5346534653465347
1,0.5517241379310345,0.504950495049505
2,0.46153846153846156,0.39603960396039606
1,0.2222222222222222,0.46534653465346537
2,0.5043988269794721,0.45544554455445546
2,0.44306418219461696,0.39603960396039606
0,0.17159763313609466,0.2376237623762376
2,0.40404040404040403,0.42574257425742573
1,0.29357798165137616,0.43564356435643564
2,0.5678571428571428,0.5841584158415841
0,0.2857142857142857,0.4158415841584158
2,0.39622641509433965,0.49504950495049505
1,0.2857142857142857,0.38613861386138615
2,0.5083056478405316,0.4752475247524752
3,0.71875,0.7227722772277227
1,0.21739130434782608,0.42574257425742573
3,0.6552901023890785,0.7227722772277227
1,0.3225806451612903,0.5346534653465347
2,0.42857142857142855,0.4752475247524752
2,0.48484848484848486,0.42574257425742573
0,0.3940594059405941,0.38613861386138615
1,0.5147058823529411,0.49504950495049505
3,0.6294117647058823,0.6138613861386139
2,0.4563758389261745,0.4158415841584158
1,0.47619047619047616,0.5544554455445545
2,0.5,0.5346534653465347
0,0.3305084745762712,0.36633663366336633
3,0.5836575875486382,0.6138613861386139
3,0.6211453744493393,0.594059405940594
1,0.37037037037037035,0.504950495049505
3,0.7564102564102564,0.6732673267326733
3,0.7091836734693877,0.7326732673267327
1,0.20967741935483872,0.44554455445544555
0,0.3333333333333333,0.37623762376237624
1,0.4,0.46534653465346537
0,0.22807017543859648,0.3465346534653465
0,0.36350148367952523,0.3564356435643564
2,0.43683083511777304,0.42574257425742573
1,0.6190476190476191,0.4752475247524752
3,0.6012084592145015,0.6336633663366337
3,0.6605504587155964,0.6633663366336634
2,0.4864864864864865,0.5346534653465347
0,0.2366412213740458,0.32673267326732675
2,0.3333333333333333,0.45544554455445546
3,0.5508684863523573,0.5643564356435643
3,0.6260869565217392,0.6336633663366337
0,0.3532608695652174,0.4158415841584158
1,0.32,0.4158415841584158
1,0.36054421768707484,0.504950495049505
0,0.2857142857142857,0.3465346534653465
0,0.39589442815249265,0.3564356435643564
2,0.3741935483870968,0.39603960396039606
2,0.46956521739130436,0.49504950495049505
1,0.2911392405063291,0.42574257425742573
2,0.547945205479452,0.5643564356435643
0,0.32882882882882886,0.31683168316831684
0,0.3674911660777385,0.40594059405940597
3,0.7386934673366834,0.7623762376237624
1,0.4646153846153846,0.49504950495049505
2,0.42971887550200805,0.42574257425742573
0,0.28940568475452194,0.25742574257425743
0,0.3271276595744681,0.2871287128712871
1,0.25,0.4158415841584158
0,0.39111111111111113,0.3465346534653465
1,0.5625,0.42574257425742573
2,0.26582278481012656,0.40594059405940597
3,0.6184971098265896,0.5841584158415841
3,0.689119170984456,0.6732673267326733
2,0.4074074074074074,0.44554455445544555
2,0.48717948717948717,0.5742574257425742
1,0.4117647058823529,0.4158415841584158
1,0.45,0.5247524752475248
0,0.2780569514237856,0.27722772277227725
3,0.8580645161290322,0.8217821782178217
0,0.23529411764705882,0.31683168316831684
1,0.4782608695652174,0.48514851485148514
2,0.313588850174216,0.38613861386138615
3,0.6517857142857143,0.6237623762376238
1,0.5151515151515151,0.504950495049505
1,0.32510288065843623,0.40594059405940597
0,0.25842696629213485,0.26732673267326734
2,0.4606741573033708,0.5247524752475248
1,0.42748091603053434,0.504950495049505
2,0.5129032258064516,0.48514851485148514
2,0.4431818181818182,0.5346534653465347
0,0.35320088300220753,0.2871287128712871
1,0.4056603773584906,0.4752475247524752
2,0.20754716981132076,0.5346534653465347
2,0.4027777777777778,0.37623762376237624
2,0.4837662337662338,0.5247524752475248
3,0.6008771929824561,0.6237623762376238
0,0.171875,0.3564356435643564
2,0.3574468085106383,0.44554455445544555
1,0.47804878048780486,0.43564356435643564
1,0.6195652173913043,0.504950495049505
0,0.24193548387096775,0.33663366336633666
0,0.21025641025641026,0.36633663366336633
2,0.5867346938775511,0.5544554455445545
3,0.6833333333333333,0.6633663366336634
2,0.4166666666666667,0.42574257425742573
1,0.5522388059701493,0.46534653465346537
3,0.6,0.6237623762376238
3,0.6322869955156951,0.693069306930693
2,0.5,0.42574257425742573
1,0.468503937007874,0.4752475247524752
2,0.45689655172413796,0.504950495049505
3,0.601063829787234,0.6831683168316832
1,0.2765957446808511,0.4158415841584158
0,0.2217391304347826,0.27722772277227725
2,0.46808510638297873,0.48514851485148514
1,0.48148148148148145,0.44554455445544555
3,0.5796610169491525,0.6138613861386139
1,0.2028985507246377,0.45544554455445546
1,0.4430379746835443,0.5247524752475248
2,0.5714285714285714,0.46534653465346537
3,0.8144329896907216,0.7623762376237624
1,0.23529411764705882,0.40594059405940597
1,0.2350230414746544,0.33663366336633666
1,0.3698630136986301,0.49504950495049505
0,0.2776280323450135,0.31683168316831684
3,0.5518672199170125,0.6237623762376238
0,0.1694915254237288,0.38613861386138615
1,0.4935064935064935,0.504950495049505
0,0.22137404580152673,0.39603960396039606
3,0.8129675810473815,0.7722772277227723
1,0.31746031746031744,0.37623762376237624
0,0.3116883116883117,0.36633663366336633
3,0.4878048780487805,0.5643564356435643
1,0.358974358974359,0.39603960396039606
2,0.5145118733509235,0.5247524752475248
3,0.6105769230769231,0.6831683168316832
1,0.5121951219512195,0.504950495049505
2,0.22580645161290322,0.39603960396039606
1,0.3333333333333333,0.44554455445544555
0,0.32987551867219916,0.36633663366336633
3,0.7454545454545455,0.5346534653465347
1,0.4230769230769231,0.48514851485148514
3,0.6024096385542169,0.6534653465346535
0,0.2971698113207547,0.3465346534653465
1,0.6440677966101694,0.49504950495049505
0,0.13793103448275862,0.36633663366336633
0,0.28191489361702127,0.297029702970297
2,0.5,0.5247524752475248
0,0.1719242902208202,0.18811881188118812
2,0.3,0.4752475247524752
2,0.42391304347826086,0.5148514851485149
0,0.30864197530864196,0.31683168316831684
1,0.5086206896551724,0.5148514851485149
0,0.2159090909090909,0.40594059405940597
1,0.46285714285714286,0.49504950495049505
1,0.48854961832061067,0.504950495049505
3,0.6687116564417178,0.6732673267326733
2,0.3742857142857143,0.49504950495049505
0,0.3537117903930131,0.3069306930693069
1,0.21428571428571427,0.4158415841584158
1,0.5760869565217391,0.5445544554455446
1,0.30666666666666664,0.46534653465346537
0,0.4176829268292683,0.38613861386138615
1,0.3032258064516129,0.39603960396039606
0,0.3389830508474576,0.40594059405940597
1,0.48,0.5544554455445545
2,0.40654205607476634,0.46534653465346537
3,0.8,0.7722772277227723
1,0.41150442477876104,0.43564356435643564
2,0.5259259259259259,0.5148514851485149
3,0.6401273885350318,0.6435643564356436
0,0.24057971014492754,0.1782178217821782
1,0.4634146341463415,0.5148514851485149
3,0.7075812274368231,0.6831683168316832
1,0.5263157894736842,0.5544554455445545
0,0.22404371584699453,0.33663366336633666
2,0.4620253164556962,0.48514851485148514
0,0.22203098106712565,0.1782178217821782
1,0.3888888888888889,0.42574257425742573
1,0.6101694915254238,0.5643564356435643
1,0.2753623188405797,0.44554455445544555
2,0.5533980582524272,0.5445544554455446
0,0.27645788336933047,0.2871287128712871
0,0.18305084745762712,0.25742574257425743
1,0.3673469387755102,0.5148514851485149
0,0.27040816326530615,0.38613861386138615
2,0.592,0.5445544554455446
1,0.3841059602649007,0.4752475247524752
1,0.48660714285714285,0.5544554455445545
0,0.26021505376344084,0.27722772277227725
0,0.36152219873150104,0.3465346534653465
1,0.2463768115942029,0.46534653465346537
0,0.391304347826087,0.3465346534653465
0,0.19701492537313434,0.25742574257425743
3,0.6634304207119741,0.6732673267326733
0,0.14285714285714285,0.31683168316831684
0,0.23504273504273504,0.2376237623762376
3,0.5540540540540541,0.6138613861386139
1,0.2222222222222222,0.4752475247524752
0,0.31746031746031744,0.39603960396039606
3,0.6161616161616161,0.594059405940594
2,0.48502994011976047,0.44554455445544555
1,0.4090909090909091,0.44554455445544555
1,0.17543859649122806,0.40594059405940597
2,0.3018867924528302,0.48514851485148514
1,0.36036036036036034,0.4158415841584158
3,0.7,0.801980198019802
3,0.6490384615384616,0.6039603960396039
2,0.43621399176954734,0.46534653465346537
3,0.5709459459459459,0.594059405940594
1,0.391025641025641,0.5346534653465347
2,0.5437100213219617,0.5544554455445545
1,0.4646153846153846,0.5148514851485149
3,0.55,0.6237623762376238
3,0.5372168284789643,0.6138613861386139
2,0.5270758122743683,0.48514851485148514
3,0.7024390243902439,0.7029702970297029
3,0.765625,0.594059405940594
3,0.752851711026616,0.7524752475247525
1,0.42585551330798477,0.44554455445544555
0,0.35174418604651164,0.3564356435643564
2,0.4296875,0.48514851485148514
1,0.45977011494252873,0.46534653465346537
0,0.3380281690140845,0.40594059405940597
2,0.5128205128205128,0.48514851485148514
2,0.5419847328244275,0.5247524752475248
1,0.3891625615763547,0.38613861386138615
3,0.5874439461883408,0.6534653465346535
1,0.35714285714285715,0.43564356435643564
1,0.423728813559322,0.5445544554455446
1,0.21686746987951808,0.38613861386138615
0,0.14743589743589744,0.3564356435643564
0,0.09482758620689655,0.33663366336633666
1,0.175,0.4752475247524752
0,0.23228346456692914,0.33663366336633666
1,0.38738738738738737,0.44554455445544555
0,0.2822966507177033,0.3564356435643564
0,0.25,0.3069306930693069
1,0.5277777777777778,0.5148514851485149
1,0.453125,0.48514851485148514
2,0.453416149068323,0.42574257425742573
1,0.375,0.46534653465346537
2,0.5161290322580645,0.5247524752475248
1,0.6571428571428571,0.5544554455445545
2,0.4222222222222222,0.48514851485148514
0,0.29365079365079366,0.38613861386138615
1,0.52,0.504950495049505
2,0.5375722543352601,0.504950495049505
2,0.34074074074074073,0.43564356435643564
0,0.36363636363636365,0.36633663366336633
2,0.5968992248062015,0.5643564356435643
3,0.5128205128205128,0.5841584158415841
1,0.5,0.48514851485148514
1,0.29739776951672864,0.40594059405940597
3,0.6150793650793651,0.5544554455445545
3,0.6577540106951871,0.7227722772277227
1,0.4358974358974359,0.45544554455445546
0,0.3027681660899654,0.25742574257425743
0,0.28620689655172415,0.26732673267326734
3,0.8278145695364238,0.6534653465346535
1,0.5046296296296297,0.5643564356435643
0,0.1583629893238434,0.1782178217821782
3,0.7361702127659574,0.7524752475247525
1,0.2833333333333333,0.42574257425742573
1,0.37373737373737376,0.40594059405940597
2,0.348780487804878,0.40594059405940597
1,0.5798319327731093,0.5346534653465347
1,0.5333333333333333,0.5445544554455446
3,0.6607142857142857,0.7128712871287128
1,0.4223300970873786,0.5841584158415841
1,0.3448275862068966,0.43564356435643564
1,0.5020576131687243,0.45544554455445546
2,0.547945205479452,0.5643564356435643
3,0.6544943820224719,0.6237623762376238
1,0.18292682926829268,0.46534653465346537
0,0.25961538461538464,0.24752475247524752
2,0.41348973607038125,0.38613861386138615
1,0.46153846153846156,0.594059405940594
3,0.6642857142857143,0.6435643564356436
1,0.3793103448275862,0.45544554455445546
0,0.248,0.32673267326732675
1,0.22535211267605634,0.40594059405940597
1,0.348993288590604,0.36633663366336633
3,0.5833333333333334,0.6237623762376238
