item_id,knowledge_code
1,"[4, 1, 2]"
2,"[4, 1, 2]"
3,"[4, 1, 2]"
4,"[5, 1, 2]"
5,"[5, 1, 2]"
6,"[5, 1, 2]"
7,"[6, 1, 2]"
8,"[6, 1, 2]"
9,"[6, 1, 2]"
10,"[7, 1, 2]"
11,"[7, 1, 2]"
12,"[7, 1, 2]"
13,"[8, 1, 2]"
14,"[8, 1, 2]"
15,"[8, 1, 2]"
16,"[9, 1, 2]"
17,"[9, 1, 2]"
18,"[9, 1, 2]"
19,"[10, 1, 2]"
20,"[10, 1, 2]"
21,"[10, 1, 2]"
22,"[11, 1, 2]"
23,"[11, 1, 2]"
24,"[11, 1, 2]"
25,"[12, 1, 2]"
26,"[12, 1, 2]"
27,"[12, 1, 2]"
28,"[13, 1, 2]"
29,"[13, 1, 2]"
30,"[13, 1, 2]"
31,"[14, 1, 3]"
32,"[14, 1, 3]"
33,"[14, 1, 3]"
34,"[15, 1, 3]"
35,"[15, 1, 3]"
36,"[15, 1, 3]"
37,"[16, 1, 3]"
38,"[16, 1, 3]"
39,"[16, 1, 3]"
40,"[17, 1, 3]"
41,"[17, 1, 3]"
42,"[17, 1, 3]"
43,"[18, 1, 3]"
44,"[18, 1, 3]"
45,"[18, 1, 3]"
46,"[19, 1, 3]"
47,"[19, 1, 3]"
48,"[19, 1, 3]"
49,"[20, 1, 3]"
50,"[20, 1, 3]"
51,"[20, 1, 3]"
52,"[21, 1, 3]"
53,"[21, 1, 3]"
54,"[21, 1, 3]"
55,"[22, 1, 3]"
56,"[22, 1, 3]"
57,"[22, 1, 3]"
58,"[23, 1, 3]"
59,"[23, 1, 3]"
60,"[23, 1, 3]"
61,"[28, 24, 25]"
62,"[28, 24, 25]"
63,"[29, 24, 25]"
64,"[29, 24, 25]"
65,"[30, 24, 25]"
66,"[30, 24, 25]"
67,"[31, 24, 25]"
68,"[31, 24, 25]"
69,"[32, 24, 25]"
70,"[32, 24, 25]"
71,"[33, 24, 25]"
72,"[33, 24, 25]"
73,"[34, 24, 25]"
74,"[34, 24, 25]"
75,"[35, 24, 25]"
76,"[35, 24, 25]"
77,"[36, 24, 25]"
78,"[36, 24, 25]"
79,"[37, 24, 26]"
80,"[37, 24, 26]"
81,"[38, 24, 26]"
82,"[38, 24, 26]"
83,"[39, 24, 26]"
84,"[39, 24, 26]"
85,"[40, 24, 26]"
86,"[40, 24, 26]"
87,"[41, 24, 26]"
88,"[41, 24, 26]"
89,"[42, 24, 26]"
90,"[42, 24, 26]"
91,"[43, 24, 26]"
92,"[43, 24, 26]"
93,"[44, 24, 26]"
94,"[44, 24, 26]"
95,"[45, 24, 26]"
96,"[45, 24, 26]"
97,"[46, 24, 26]"
98,"[46, 24, 26]"
99,"[29, 24, 25]"
100,"[29, 24, 25]"
101,"[47, 24, 25]"
102,"[47, 24, 25]"
103,"[48, 24, 25]"
104,"[48, 24, 25]"
105,"[49, 24, 25]"
106,"[49, 24, 25]"
107,"[50, 24, 25]"
108,"[50, 24, 25]"
109,"[51, 24, 25]"
110,"[51, 24, 25]"
111,"[52, 24, 25]"
112,"[52, 24, 25]"
113,"[53, 24, 25]"
114,"[53, 24, 25]"
115,"[54, 24, 26]"
116,"[54, 24, 26]"
117,"[55, 24, 26]"
118,"[55, 24, 26]"
119,"[56, 24, 26]"
120,"[56, 24, 26]"
121,"[57, 24, 26]"
122,"[57, 24, 26]"
123,"[58, 24, 26]"
124,"[58, 24, 26]"
125,"[59, 24, 26]"
126,"[59, 24, 26]"
127,"[60, 24, 26]"
128,"[60, 24, 26]"
129,"[61, 24, 26]"
130,"[61, 24, 26]"
131,"[62, 24, 26]"
132,"[62, 24, 26]"
133,"[63, 24, 26]"
134,"[63, 24, 26]"
135,"[30, 24, 25]"
136,"[30, 24, 25]"
137,"[48, 24, 25]"
138,"[48, 24, 25]"
139,"[64, 24, 25]"
140,"[64, 24, 25]"
141,"[65, 24, 25]"
142,"[65, 24, 25]"
143,"[66, 24, 25]"
144,"[66, 24, 25]"
145,"[67, 24, 25]"
146,"[67, 24, 25]"
147,"[68, 24, 25]"
148,"[68, 24, 25]"
149,"[69, 24, 26]"
150,"[69, 24, 26]"
151,"[70, 24, 26]"
152,"[70, 24, 26]"
153,"[71, 24, 26]"
154,"[71, 24, 26]"
155,"[72, 24, 26]"
156,"[72, 24, 26]"
157,"[73, 24, 26]"
158,"[73, 24, 26]"
159,"[74, 24, 26]"
160,"[74, 24, 26]"
161,"[75, 24, 26]"
162,"[75, 24, 26]"
163,"[76, 24, 26]"
164,"[76, 24, 26]"
165,"[77, 24, 26]"
166,"[77, 24, 26]"
167,"[78, 24, 26]"
168,"[78, 24, 26]"
169,"[31, 24, 25]"
170,"[31, 24, 25]"
171,"[49, 24, 25]"
172,"[49, 24, 25]"
173,"[65, 24, 25]"
174,"[65, 24, 25]"
175,"[79, 24, 25]"
176,"[79, 24, 25]"
177,"[80, 24, 25]"
178,"[80, 24, 25]"
179,"[81, 24, 25]"
180,"[81, 24, 25]"
181,"[82, 24, 26]"
182,"[82, 24, 26]"
183,"[83, 24, 26]"
184,"[83, 24, 26]"
185,"[84, 24, 26]"
186,"[84, 24, 26]"
187,"[85, 24, 26]"
188,"[85, 24, 26]"
189,"[86, 24, 26]"
190,"[86, 24, 26]"
191,"[87, 24, 26]"
192,"[87, 24, 26]"
193,"[88, 24, 26]"
194,"[88, 24, 26]"
195,"[89, 24, 26]"
196,"[89, 24, 26]"
197,"[90, 24, 26]"
198,"[90, 24, 26]"
199,"[91, 24, 26]"
200,"[91, 24, 26]"
201,"[32, 24, 25]"
202,"[32, 24, 25]"
203,"[50, 24, 25]"
204,"[50, 24, 25]"
205,"[66, 24, 25]"
206,"[66, 24, 25]"
207,"[80, 24, 25]"
208,"[80, 24, 25]"
209,"[92, 24, 25]"
210,"[92, 24, 25]"
211,"[93, 24, 26]"
212,"[93, 24, 26]"
213,"[94, 24, 26]"
214,"[94, 24, 26]"
215,"[95, 24, 26]"
216,"[95, 24, 26]"
217,"[96, 24, 26]"
218,"[96, 24, 26]"
219,"[97, 24, 26]"
220,"[97, 24, 26]"
221,"[98, 24, 26]"
222,"[98, 24, 26]"
223,"[99, 24, 26]"
224,"[99, 24, 26]"
225,"[100, 24, 26]"
226,"[100, 24, 26]"
227,"[101, 24, 26]"
228,"[101, 24, 26]"
229,"[102, 24, 26]"
230,"[102, 24, 26]"
231,"[33, 24, 25]"
232,"[33, 24, 25]"
233,"[51, 24, 25]"
234,"[51, 24, 25]"
235,"[67, 24, 25]"
236,"[67, 24, 25]"
237,"[81, 24, 25]"
238,"[81, 24, 25]"
239,"[93, 24, 26]"
240,"[93, 24, 26]"
241,"[103, 24, 26]"
242,"[103, 24, 26]"
243,"[104, 24, 26]"
244,"[104, 24, 26]"
245,"[105, 24, 26]"
246,"[105, 24, 26]"
247,"[106, 24, 26]"
248,"[106, 24, 26]"
249,"[107, 24, 26]"
250,"[107, 24, 26]"
251,"[108, 24, 26]"
252,"[108, 24, 26]"
253,"[109, 24, 26]"
254,"[109, 24, 26]"
255,"[110, 24, 26]"
256,"[110, 24, 26]"
257,"[111, 24, 26]"
258,"[111, 24, 26]"
259,"[34, 24, 25]"
260,"[34, 24, 25]"
261,"[52, 24, 25]"
262,"[52, 24, 25]"
263,"[68, 24, 25]"
264,"[68, 24, 25]"
265,"[82, 24, 26]"
266,"[82, 24, 26]"
267,"[94, 24, 26]"
268,"[94, 24, 26]"
269,"[104, 24, 26]"
270,"[104, 24, 26]"
271,"[112, 24, 26]"
272,"[112, 24, 26]"
273,"[113, 24, 26]"
274,"[113, 24, 26]"
275,"[114, 24, 26]"
276,"[114, 24, 26]"
277,"[115, 24, 26]"
278,"[115, 24, 26]"
279,"[116, 24, 26]"
280,"[116, 24, 26]"
281,"[117, 24, 26]"
282,"[117, 24, 26]"
283,"[118, 24, 26]"
284,"[118, 24, 26]"
285,"[35, 24, 25]"
286,"[35, 24, 25]"
287,"[53, 24, 25]"
288,"[53, 24, 25]"
289,"[69, 24, 26]"
290,"[69, 24, 26]"
291,"[83, 24, 26]"
292,"[83, 24, 26]"
293,"[95, 24, 26]"
294,"[95, 24, 26]"
295,"[105, 24, 26]"
296,"[105, 24, 26]"
297,"[113, 24, 26]"
298,"[113, 24, 26]"
299,"[119, 24, 26]"
300,"[119, 24, 26]"
301,"[120, 24, 26]"
302,"[120, 24, 26]"
303,"[121, 24, 26]"
304,"[121, 24, 26]"
305,"[122, 24, 26]"
306,"[122, 24, 26]"
307,"[123, 24, 26]"
308,"[123, 24, 26]"
309,"[36, 24, 25]"
310,"[36, 24, 25]"
311,"[54, 24, 26]"
312,"[54, 24, 26]"
313,"[70, 24, 26]"
314,"[70, 24, 26]"
315,"[84, 24, 26]"
316,"[84, 24, 26]"
317,"[96, 24, 26]"
318,"[96, 24, 26]"
319,"[106, 24, 26]"
320,"[106, 24, 26]"
321,"[114, 24, 26]"
322,"[114, 24, 26]"
323,"[120, 24, 26]"
324,"[120, 24, 26]"
325,"[124, 24, 26]"
326,"[124, 24, 26]"
327,"[125, 24, 26]"
328,"[125, 24, 26]"
329,"[126, 24, 26]"
330,"[126, 24, 26]"
331,"[37, 24, 26]"
332,"[37, 24, 26]"
333,"[55, 24, 26]"
334,"[55, 24, 26]"
335,"[71, 24, 26]"
336,"[71, 24, 26]"
337,"[85, 24, 26]"
338,"[85, 24, 26]"
339,"[97, 24, 26]"
340,"[97, 24, 26]"
341,"[107, 24, 26]"
342,"[107, 24, 26]"
343,"[115, 24, 26]"
344,"[115, 24, 26]"
345,"[121, 24, 26]"
346,"[121, 24, 26]"
347,"[125, 24, 26]"
348,"[125, 24, 26]"
349,"[127, 24, 26]"
350,"[127, 24, 26]"
351,"[38, 24, 26]"
352,"[38, 24, 26]"
353,"[56, 24, 26]"
354,"[56, 24, 26]"
355,"[72, 24, 26]"
356,"[72, 24, 26]"
357,"[86, 24, 26]"
358,"[86, 24, 26]"
359,"[98, 24, 26]"
360,"[98, 24, 26]"
361,"[108, 24, 26]"
362,"[108, 24, 26]"
363,"[116, 24, 26]"
364,"[116, 24, 26]"
365,"[122, 24, 26]"
366,"[122, 24, 26]"
367,"[126, 24, 26]"
368,"[126, 24, 26]"
369,"[39, 24, 26]"
370,"[39, 24, 26]"
371,"[57, 24, 26]"
372,"[57, 24, 26]"
373,"[73, 24, 26]"
374,"[73, 24, 26]"
375,"[87, 24, 26]"
376,"[87, 24, 26]"
377,"[99, 24, 26]"
378,"[99, 24, 26]"
379,"[109, 24, 26]"
380,"[109, 24, 26]"
381,"[117, 24, 26]"
382,"[117, 24, 26]"
383,"[123, 24, 26]"
384,"[123, 24, 26]"
385,"[40, 24, 26]"
386,"[40, 24, 26]"
387,"[58, 24, 26]"
388,"[58, 24, 26]"
389,"[74, 24, 26]"
390,"[74, 24, 26]"
391,"[88, 24, 26]"
392,"[88, 24, 26]"
393,"[100, 24, 26]"
394,"[100, 24, 26]"
395,"[110, 24, 26]"
396,"[110, 24, 26]"
397,"[118, 24, 26]"
398,"[118, 24, 26]"
399,"[41, 24, 26]"
400,"[41, 24, 26]"
401,"[59, 24, 26]"
402,"[59, 24, 26]"
403,"[75, 24, 26]"
404,"[75, 24, 26]"
405,"[89, 24, 26]"
406,"[89, 24, 26]"
407,"[101, 24, 26]"
408,"[101, 24, 26]"
409,"[111, 24, 26]"
410,"[111, 24, 26]"
411,"[42, 24, 26]"
412,"[42, 24, 26]"
413,"[60, 24, 26]"
414,"[60, 24, 26]"
415,"[76, 24, 26]"
416,"[76, 24, 26]"
417,"[90, 24, 26]"
418,"[90, 24, 26]"
419,"[102, 24, 26]"
420,"[102, 24, 26]"
421,"[43, 24, 26]"
422,"[43, 24, 26]"
423,"[61, 24, 26]"
424,"[61, 24, 26]"
425,"[77, 24, 26]"
426,"[77, 24, 26]"
427,"[91, 24, 26]"
428,"[91, 24, 26]"
429,"[44, 24, 26]"
430,"[44, 24, 26]"
431,"[62, 24, 26]"
432,"[62, 24, 26]"
433,"[78, 24, 26]"
434,"[78, 24, 26]"
435,"[45, 24, 26]"
436,"[45, 24, 26]"
437,"[63, 24, 26]"
438,"[63, 24, 26]"
439,"[46, 24, 26]"
440,"[46, 24, 26]"
441,"[27, 24]"
442,"[27, 24]"
443,"[27, 24]"
444,"[27, 24]"
445,"[27, 24]"
446,"[27, 24]"
447,"[27, 24]"
448,"[27, 24]"
449,"[27, 24]"
450,"[27, 24]"
451,"[27, 24]"
452,"[27, 24]"
453,"[27, 24]"
454,"[27, 24]"
455,"[27, 24]"
456,"[27, 24]"
457,"[27, 24]"
458,"[27, 24]"
459,"[27, 24]"
460,"[27, 24]"
461,"[27, 24]"
462,"[27, 24]"
463,"[27, 24]"
464,"[27, 24]"
465,"[27, 24]"
466,"[27, 24]"
467,"[27, 24]"
468,"[27, 24]"
469,"[27, 24]"
470,"[27, 24]"
471,"[27, 24]"
472,"[27, 24]"
473,"[27, 24]"
474,"[27, 24]"
475,"[27, 24]"
476,"[27, 24]"
477,"[27, 24]"
478,"[27, 24]"
479,"[27, 24]"
480,"[27, 24]"
481,"[27, 24]"
482,"[27, 24]"
483,"[27, 24]"
484,"[27, 24]"
485,"[27, 24]"
486,"[27, 24]"
487,"[27, 24]"
488,"[27, 24]"
489,"[27, 24]"
490,"[27, 24]"
491,"[27, 24]"
492,"[27, 24]"
493,"[27, 24]"
494,"[27, 24]"
495,"[27, 24]"
496,"[27, 24]"
497,"[27, 24]"
498,"[27, 24]"
499,"[27, 24]"
500,"[27, 24]"
501,"[27, 24]"
502,"[27, 24]"
503,"[27, 24]"
504,"[27, 24]"
505,"[27, 24]"
506,"[27, 24]"
507,"[27, 24]"
508,"[27, 24]"
509,"[27, 24]"
510,"[27, 24]"
511,"[27, 24]"
512,"[27, 24]"
513,"[27, 24]"
514,"[27, 24]"
515,"[27, 24]"
516,"[27, 24]"
517,"[27, 24]"
518,"[27, 24]"
519,"[27, 24]"
520,"[27, 24]"
521,"[27, 24]"
522,"[27, 24]"
523,"[27, 24]"
524,"[27, 24]"
525,"[27, 24]"
526,"[27, 24]"
527,"[27, 24]"
528,"[27, 24]"
529,"[27, 24]"
530,"[27, 24]"
531,"[27, 24]"
532,"[27, 24]"
533,"[27, 24]"
534,"[27, 24]"
535,"[27, 24]"
536,"[27, 24]"
537,"[27, 24]"
538,"[27, 24]"
539,"[27, 24]"
540,"[27, 24]"
541,"[28, 24, 25]"
542,"[29, 24, 25]"
543,"[30, 24, 25]"
544,"[31, 24, 25]"
545,"[32, 24, 25]"
546,"[33, 24, 25]"
547,"[34, 24, 25]"
548,"[35, 24, 25]"
549,"[36, 24, 25]"
550,"[37, 24, 26]"
551,"[42, 24, 26]"
552,"[27, 24]"
553,"[29, 24, 25]"
554,"[47, 24, 25]"
555,"[48, 24, 25]"
556,"[49, 24, 25]"
557,"[50, 24, 25]"
558,"[51, 24, 25]"
559,"[52, 24, 25]"
560,"[53, 24, 25]"
561,"[54, 24, 26]"
562,"[55, 24, 26]"
563,"[30, 24, 25]"
564,"[48, 24, 25]"
565,"[64, 24, 25]"
566,"[65, 24, 25]"
567,"[66, 24, 25]"
568,"[67, 24, 25]"
569,"[68, 24, 25]"
570,"[69, 24, 26]"
571,"[70, 24, 26]"
572,"[71, 24, 26]"
573,"[27, 24]"
574,"[31, 24, 25]"
575,"[49, 24, 25]"
576,"[65, 24, 25]"
577,"[79, 24, 25]"
578,"[80, 24, 25]"
579,"[81, 24, 25]"
580,"[82, 24, 26]"
581,"[83, 24, 26]"
582,"[84, 24, 26]"
583,"[85, 24, 26]"
584,"[27, 24]"
585,"[32, 24, 25]"
586,"[50, 24, 25]"
587,"[66, 24, 25]"
588,"[80, 24, 25]"
589,"[92, 24, 25]"
590,"[93, 24, 26]"
591,"[94, 24, 26]"
592,"[95, 24, 26]"
593,"[96, 24, 26]"
594,"[97, 24, 26]"
595,"[100, 24, 26]"
596,"[33, 24, 25]"
597,"[51, 24, 25]"
598,"[67, 24, 25]"
599,"[81, 24, 25]"
600,"[93, 24, 26]"
601,"[103, 24, 26]"
602,"[104, 24, 26]"
603,"[105, 24, 26]"
604,"[106, 24, 26]"
605,"[107, 24, 26]"
606,"[27, 24]"
607,"[27, 24]"
608,"[34, 24, 25]"
609,"[52, 24, 25]"
610,"[68, 24, 25]"
611,"[82, 24, 26]"
612,"[94, 24, 26]"
613,"[104, 24, 26]"
614,"[112, 24, 26]"
615,"[113, 24, 26]"
616,"[114, 24, 26]"
617,"[115, 24, 26]"
618,"[27, 24]"
619,"[35, 24, 25]"
620,"[53, 24, 25]"
621,"[69, 24, 26]"
622,"[83, 24, 26]"
623,"[95, 24, 26]"
624,"[105, 24, 26]"
625,"[113, 24, 26]"
626,"[119, 24, 26]"
627,"[120, 24, 26]"
628,"[121, 24, 26]"
629,"[36, 24, 25]"
630,"[54, 24, 26]"
631,"[70, 24, 26]"
632,"[84, 24, 26]"
633,"[96, 24, 26]"
634,"[106, 24, 26]"
635,"[114, 24, 26]"
636,"[120, 24, 26]"
637,"[124, 24, 26]"
638,"[125, 24, 26]"
639,"[37, 24, 26]"
640,"[55, 24, 26]"
641,"[71, 24, 26]"
642,"[85, 24, 26]"
643,"[97, 24, 26]"
644,"[107, 24, 26]"
645,"[115, 24, 26]"
646,"[121, 24, 26]"
647,"[125, 24, 26]"
648,"[127, 24, 26]"
649,"[27, 24]"
650,"[27, 24]"
651,"[59, 24, 26]"
652,"[27, 24]"
653,"[27, 24]"
654,"[27, 24]"
655,"[27, 24]"
656,"[27, 24]"
657,"[27, 24]"
658,"[27, 24]"
659,"[27, 24]"
660,"[27, 24]"
661,"[27, 24]"
662,"[27, 24]"
663,"[27, 24]"
664,"[27, 24]"
665,"[27, 24]"
666,"[27, 24]"
667,"[27, 24]"
668,"[27, 24]"
669,"[27, 24]"
670,"[27, 24]"
671,"[27, 24]"
672,"[27, 24]"
673,"[27, 24]"
674,"[27, 24]"
675,"[27, 24]"
676,"[27, 24]"
677,"[27, 24]"
678,"[27, 24]"
679,"[27, 24]"
680,"[27, 24]"
681,"[27, 24]"
682,"[27, 24]"
683,"[27, 24]"
684,"[27, 24]"
685,"[27, 24]"
686,"[27, 24]"
687,"[27, 24]"
688,"[27, 24]"
689,"[27, 24]"
690,"[27, 24]"
691,"[131, 128, 129]"
692,"[131, 128, 129]"
693,"[132, 128, 129]"
694,"[132, 128, 129]"
695,"[133, 128, 129]"
696,"[133, 128, 129]"
697,"[134, 128, 129]"
698,"[134, 128, 129]"
699,"[135, 128, 129]"
700,"[135, 128, 129]"
701,"[136, 128, 129]"
702,"[136, 128, 129]"
703,"[137, 128, 129]"
704,"[137, 128, 129]"
705,"[138, 128, 129]"
706,"[138, 128, 129]"
707,"[139, 128, 129]"
708,"[139, 128, 129]"
709,"[140, 128, 129]"
710,"[140, 128, 129]"
711,"[141, 128, 129]"
712,"[141, 128, 129]"
713,"[142, 128, 129]"
714,"[142, 128, 129]"
715,"[143, 128, 129]"
716,"[143, 128, 129]"
717,"[144, 128, 129]"
718,"[144, 128, 129]"
719,"[145, 128, 129]"
720,"[145, 128, 129]"
721,"[146, 128, 129]"
722,"[146, 128, 129]"
723,"[147, 128, 129]"
724,"[147, 128, 129]"
725,"[148, 128, 129]"
726,"[148, 128, 129]"
727,"[149, 128, 129]"
728,"[149, 128, 129]"
729,"[150, 128, 129]"
730,"[150, 128, 129]"
731,"[151, 128, 129]"
732,"[151, 128, 129]"
733,"[152, 128, 129]"
734,"[152, 128, 129]"
735,"[153, 128, 129]"
736,"[153, 128, 129]"
737,"[154, 128, 129]"
738,"[154, 128, 129]"
739,"[155, 128, 129]"
740,"[155, 128, 129]"
741,"[156, 128, 129]"
742,"[156, 128, 129]"
743,"[157, 128, 129]"
744,"[157, 128, 129]"
745,"[158, 128, 129]"
746,"[158, 128, 129]"
747,"[159, 128, 129]"
748,"[159, 128, 129]"
749,"[160, 128, 129]"
750,"[160, 128, 129]"
751,"[161, 128, 129]"
752,"[161, 128, 129]"
753,"[162, 128, 129]"
754,"[162, 128, 129]"
755,"[163, 128, 129]"
756,"[163, 128, 129]"
757,"[164, 128, 129]"
758,"[164, 128, 129]"
759,"[165, 128, 129]"
760,"[165, 128, 129]"
761,"[166, 128, 129]"
762,"[166, 128, 129]"
763,"[167, 128, 129]"
764,"[167, 128, 129]"
765,"[168, 128, 129]"
766,"[168, 128, 129]"
767,"[169, 128, 129]"
768,"[169, 128, 129]"
769,"[170, 128, 129]"
770,"[170, 128, 129]"
771,"[171, 128, 129]"
772,"[171, 128, 129]"
773,"[172, 128, 129]"
774,"[172, 128, 129]"
775,"[173, 128, 129]"
776,"[173, 128, 129]"
777,"[174, 128, 129]"
778,"[174, 128, 129]"
779,"[175, 128, 129]"
780,"[175, 128, 129]"
781,"[176, 128, 129]"
782,"[176, 128, 129]"
783,"[177, 128, 129]"
784,"[177, 128, 129]"
785,"[178, 128, 129]"
786,"[178, 128, 129]"
787,"[179, 128, 129]"
788,"[179, 128, 129]"
789,"[180, 128, 129]"
790,"[180, 128, 129]"
791,"[181, 128, 129]"
792,"[181, 128, 129]"
793,"[182, 128, 129]"
794,"[182, 128, 129]"
795,"[183, 128, 129]"
796,"[183, 128, 129]"
797,"[184, 128, 129]"
798,"[184, 128, 129]"
799,"[185, 128, 129]"
800,"[185, 128, 129]"
801,"[130, 128]"
802,"[130, 128]"
803,"[130, 128]"
804,"[130, 128]"
805,"[130, 128]"
806,"[130, 128]"
807,"[130, 128]"
808,"[130, 128]"
809,"[130, 128]"
810,"[130, 128]"
811,"[130, 128]"
812,"[130, 128]"
813,"[130, 128]"
814,"[130, 128]"
815,"[130, 128]"
816,"[130, 128]"
817,"[130, 128]"
818,"[130, 128]"
819,"[130, 128]"
820,"[130, 128]"
821,"[130, 128]"
822,"[130, 128]"
823,"[130, 128]"
824,"[130, 128]"
825,"[130, 128]"
826,"[130, 128]"
827,"[130, 128]"
828,"[130, 128]"
829,"[130, 128]"
830,"[130, 128]"
831,"[130, 128]"
832,"[130, 128]"
833,"[130, 128]"
834,"[130, 128]"
835,"[130, 128]"
836,"[130, 128]"
837,"[130, 128]"
838,"[130, 128]"
839,"[130, 128]"
840,"[130, 128]"
841,"[130, 128]"
842,"[130, 128]"
843,"[130, 128]"
844,"[130, 128]"
845,"[130, 128]"
846,"[130, 128]"
847,"[130, 128]"
848,"[130, 128]"
849,"[130, 128]"
850,"[130, 128]"
851,"[130, 128]"
852,"[130, 128]"
853,"[130, 128]"
854,"[130, 128]"
855,"[130, 128]"
856,"[130, 128]"
857,"[130, 128]"
858,"[130, 128]"
859,"[130, 128]"
860,"[130, 128]"
861,"[130, 128]"
862,"[130, 128]"
863,"[130, 128]"
864,"[130, 128]"
865,"[130, 128]"
866,"[130, 128]"
867,"[130, 128]"
868,"[130, 128]"
869,"[130, 128]"
870,"[130, 128]"
871,"[130, 128]"
872,"[130, 128]"
873,"[130, 128]"
874,"[130, 128]"
875,"[130, 128]"
876,"[130, 128]"
877,"[130, 128]"
878,"[130, 128]"
879,"[130, 128]"
880,"[130, 128]"
881,"[130, 128]"
882,"[130, 128]"
883,"[130, 128]"
884,"[130, 128]"
885,"[130, 128]"
886,"[130, 128]"
887,"[130, 128]"
888,"[130, 128]"
889,"[130, 128]"
890,"[130, 128]"
891,"[130, 128]"
892,"[130, 128]"
893,"[130, 128]"
894,"[130, 128]"
895,"[130, 128]"
896,"[130, 128]"
897,"[130, 128]"
898,"[130, 128]"
899,"[130, 128]"
900,"[130, 128]"
901,"[130, 128]"
902,"[130, 128]"
903,"[130, 128]"
904,"[130, 128]"
905,"[130, 128]"
906,"[130, 128]"
907,"[130, 128]"
908,"[130, 128]"
909,"[130, 128]"
910,"[130, 128]"
911,"[130, 128]"
912,"[130, 128]"
913,"[130, 128]"
914,"[130, 128]"
915,"[130, 128]"
916,"[130, 128]"
917,"[130, 128]"
918,"[130, 128]"
919,"[130, 128]"
920,"[130, 128]"
921,"[130, 128]"
922,"[130, 128]"
923,"[130, 128]"
924,"[130, 128]"
925,"[130, 128]"
926,"[130, 128]"
927,"[130, 128]"
928,"[130, 128]"
929,"[130, 128]"
930,"[130, 128]"
931,"[130, 128]"
932,"[130, 128]"
933,"[130, 128]"
934,"[130, 128]"
935,"[130, 128]"
936,"[130, 128]"
937,"[130, 128]"
938,"[130, 128]"
939,"[130, 128]"
940,"[130, 128]"
941,"[130, 128]"
942,"[130, 128]"
943,"[130, 128]"
944,"[130, 128]"
945,"[130, 128]"
946,"[130, 128]"
947,"[130, 128]"
948,"[130, 128]"
949,"[130, 128]"
950,"[130, 128]"
951,"[130, 128]"
952,"[130, 128]"
953,"[130, 128]"
954,"[130, 128]"
955,"[130, 128]"
956,"[130, 128]"
957,"[130, 128]"
958,"[130, 128]"
959,"[130, 128]"
960,"[130, 128]"
961,"[130, 128]"
962,"[130, 128]"
963,"[130, 128]"
964,"[130, 128]"
965,"[130, 128]"
966,"[130, 128]"
967,"[130, 128]"
968,"[130, 128]"
969,"[130, 128]"
970,"[130, 128]"
971,"[130, 128]"
972,"[130, 128]"
973,"[130, 128]"
974,"[130, 128]"
975,"[130, 128]"
976,"[130, 128]"
977,"[130, 128]"
978,"[130, 128]"
979,"[130, 128]"
980,"[130, 128]"
981,"[130, 128]"
982,"[130, 128]"
983,"[130, 128]"
984,"[130, 128]"
985,"[130, 128]"
986,"[130, 128]"
987,"[130, 128]"
988,"[130, 128]"
989,"[130, 128]"
990,"[130, 128]"
991,"[130, 128]"
992,"[130, 128]"
993,"[130, 128]"
994,"[130, 128]"
995,"[130, 128]"
996,"[130, 128]"
997,"[130, 128]"
998,"[130, 128]"
999,"[130, 128]"
1000,"[130, 128]"
1001,"[130, 128]"
1002,"[130, 128]"
1003,"[130, 128]"
1004,"[130, 128]"
1005,"[130, 128]"
1006,"[130, 128]"
1007,"[130, 128]"
1008,"[130, 128]"
1009,"[130, 128]"
1010,"[130, 128]"
1011,"[130, 128]"
1012,"[130, 128]"
1013,"[130, 128]"
1014,"[130, 128]"
1015,"[130, 128]"
1016,"[130, 128]"
1017,"[130, 128]"
1018,"[130, 128]"
1019,"[130, 128]"
1020,"[130, 128]"
1021,"[130, 128]"
1022,"[130, 128]"
1023,"[130, 128]"
1024,"[130, 128]"
1025,"[130, 128]"
1026,"[130, 128]"
1027,"[130, 128]"
1028,"[130, 128]"
1029,"[130, 128]"
1030,"[130, 128]"
1031,"[130, 128]"
1032,"[130, 128]"
1033,"[130, 128]"
1034,"[130, 128]"
1035,"[130, 128]"
1036,"[130, 128]"
1037,"[130, 128]"
1038,"[130, 128]"
1039,"[130, 128]"
1040,"[130, 128]"
1041,"[130, 128]"
1042,"[130, 128]"
1043,"[130, 128]"
1044,"[130, 128]"
1045,"[130, 128]"
1046,"[130, 128]"
1047,"[130, 128]"
1048,"[130, 128]"
1049,"[130, 128]"
1050,"[130, 128]"
1051,"[130, 128]"
1052,"[130, 128]"
1053,"[130, 128]"
1054,"[130, 128]"
1055,"[130, 128]"
1056,"[130, 128]"
1057,"[130, 128]"
1058,"[130, 128]"
1059,"[130, 128]"
1060,"[130, 128]"
1061,"[130, 128]"
1062,"[130, 128]"
1063,"[130, 128]"
1064,"[130, 128]"
1065,"[130, 128]"
1066,"[130, 128]"
1067,"[130, 128]"
1068,"[130, 128]"
1069,"[130, 128]"
1070,"[130, 128]"
1071,"[130, 128]"
1072,"[130, 128]"
1073,"[130, 128]"
1074,"[130, 128]"
1075,"[130, 128]"
1076,"[130, 128]"
1077,"[130, 128]"
1078,"[130, 128]"
1079,"[130, 128]"
1080,"[130, 128]"
1081,"[130, 128]"
1082,"[130, 128]"
1083,"[130, 128]"
1084,"[130, 128]"
1085,"[130, 128]"
1086,"[130, 128]"
1087,"[130, 128]"
1088,"[130, 128]"
1089,"[130, 128]"
1090,"[130, 128]"
1091,"[130, 128]"
1092,"[130, 128]"
1093,"[130, 128]"
1094,"[130, 128]"
1095,"[130, 128]"
1096,"[130, 128]"
1097,"[130, 128]"
1098,"[130, 128]"
1099,"[130, 128]"
1100,"[130, 128]"
1101,"[130, 128]"
1102,"[130, 128]"
1103,"[130, 128]"
1104,"[130, 128]"
1105,"[130, 128]"
1106,"[130, 128]"
1107,"[130, 128]"
1108,"[130, 128]"
1109,"[130, 128]"
1110,"[130, 128]"
1111,[128]
1112,[128]
1113,[128]
1114,[128]
1115,[128]
1116,[128]
1117,[128]
1118,[128]
1119,[128]
1120,[128]
1121,[128]
1122,[128]
1123,[128]
1124,[128]
1125,[128]
1126,[128]
1127,[128]
1128,[128]
1129,[128]
1130,[128]
1131,[128]
1132,[128]
1133,[128]
1134,[128]
1135,[128]
1136,[128]
1137,[128]
1138,[128]
1139,[128]
1140,[128]
1141,[128]
1142,[128]
1143,[128]
1144,[128]
1145,[128]
1146,[128]
1147,[128]
1148,[128]
1149,[128]
1150,[128]
1151,[128]
1152,[128]
1153,[128]
1154,[128]
1155,[128]
1156,[128]
1157,[128]
1158,[128]
1159,[128]
1160,[128]
1161,[128]
1162,[128]
1163,[128]
1164,[128]
1165,[128]
1166,[128]
1167,[128]
1168,[128]
1169,[128]
1170,[128]
1171,[128]
1172,[128]
1173,[128]
1174,[128]
1175,[128]
1176,[128]
1177,[128]
1178,[128]
1179,[128]
1180,[128]
1181,[128]
1182,[128]
1183,[128]
1184,[128]
1185,[128]
1186,[128]
1187,[128]
1188,[128]
1189,[128]
1190,[128]
1191,[128]
1192,[128]
1193,[128]
1194,[128]
1195,[128]
1196,[128]
1197,[128]
1198,[128]
1199,[128]
1200,[128]
1201,[128]
1202,[128]
1203,[128]
1204,[128]
1205,[128]
1206,[128]
1207,[128]
1208,[128]
1209,[128]
1210,[128]
1211,[128]
1212,[128]
1213,[128]
1214,[128]
1215,[128]
1216,[128]
1217,[128]
1218,[128]
1219,[128]
1220,[128]
1221,[128]
1222,[128]
1223,[128]
1224,[128]
1225,[128]
1226,[128]
1227,[128]
1228,[128]
1229,[128]
1230,[128]
1231,[128]
1232,[128]
1233,[128]
1234,[128]
1235,[128]
1236,[128]
1237,[128]
1238,[128]
1239,[128]
1240,[128]
1241,[128]
1242,[128]
1243,[128]
1244,[128]
1245,[128]
1246,[128]
1247,[128]
1248,[128]
1249,[128]
1250,[128]
1251,[128]
1252,[128]
1253,[128]
1254,[128]
1255,[128]
1256,[128]
1257,[128]
1258,[128]
1259,[128]
1260,[128]
1261,[128]
1262,[128]
1263,[128]
1264,[128]
1265,[128]
1266,[128]
1267,[128]
1268,[128]
1269,[128]
1270,[128]
1271,[128]
1272,[128]
1273,[128]
1274,[128]
1275,[128]
1276,[128]
1277,[128]
1278,[128]
1279,[128]
1280,[128]
1281,[128]
1282,[128]
1283,[128]
1284,[128]
1285,[128]
1286,[128]
1287,[128]
1288,[128]
1289,[128]
1290,[128]
1291,[128]
1292,[128]
1293,[128]
1294,[128]
1295,"[211, 186, 187]"
1296,"[229, 186, 187]"
1297,"[299, 186, 243]"
1298,"[245, 186, 243]"
1299,"[340, 186, 243]"
1300,"[310, 186, 243]"
1301,"[305, 186, 243]"
1302,"[277, 186, 243]"
1303,"[276, 186, 243]"
1304,"[329, 186, 243]"
1305,"[282, 186, 243]"
1306,"[250, 186, 243]"
1307,"[281, 186, 243]"
1308,"[248, 186, 243]"
1309,"[313, 186, 243]"
1310,"[203, 186, 187]"
1311,"[211, 186, 187]"
1312,"[199, 186, 187]"
1313,"[199, 186, 187]"
1314,"[244, 186, 243]"
1315,"[220, 186, 187]"
1316,"[220, 186, 187]"
1317,"[240, 186, 187]"
1318,"[214, 186, 187]"
1319,"[202, 186, 187]"
1320,"[202, 186, 187]"
1321,"[282, 186, 243]"
1322,"[284, 186, 243]"
1323,"[239, 186, 187]"
1324,"[269, 186, 243]"
1325,"[214, 186, 187]"
1326,"[291, 186, 243]"
1327,"[238, 186, 187]"
1328,"[295, 186, 243]"
1329,"[341, 186, 243]"
1330,"[260, 186, 243]"
1331,"[312, 186, 243]"
1332,"[247, 186, 243]"
1333,"[306, 186, 243]"
1334,"[333, 186, 243]"
1335,"[272, 186, 243]"
1336,"[331, 186, 243]"
1337,"[278, 186, 243]"
1338,"[283, 186, 243]"
1339,"[188, 186, 187]"
1340,"[188, 186, 187]"
1341,"[318, 186, 243]"
1342,"[236, 186, 187]"
1343,"[192, 186, 187]"
1344,"[192, 186, 187]"
1345,"[204, 186, 187]"
1346,"[327, 186, 243]"
1347,"[217, 186, 187]"
1348,"[284, 186, 243]"
1349,"[201, 186, 187]"
1350,"[201, 186, 187]"
1351,"[336, 186, 243]"
1352,"[226, 186, 187]"
1353,"[279, 186, 243]"
1354,"[329, 186, 243]"
1355,"[213, 186, 187]"
1356,"[257, 186, 243]"
1357,"[336, 186, 243]"
1358,"[260, 186, 243]"
1359,"[341, 186, 243]"
1360,"[265, 186, 243]"
1361,"[245, 186, 243]"
1362,"[315, 186, 243]"
1363,"[278, 186, 243]"
1364,"[191, 186, 187]"
1365,"[191, 186, 187]"
1366,"[254, 186, 243]"
1367,"[232, 186, 187]"
1368,"[287, 186, 243]"
1369,"[271, 186, 243]"
1370,"[337, 186, 243]"
1371,"[321, 186, 243]"
1372,"[296, 186, 243]"
1373,"[332, 186, 243]"
1374,"[222, 186, 187]"
1375,"[299, 186, 243]"
1376,"[317, 186, 243]"
1377,"[315, 186, 243]"
1378,"[322, 186, 243]"
1379,"[320, 186, 243]"
1380,"[273, 186, 243]"
1381,"[261, 186, 243]"
1382,"[264, 186, 243]"
1383,"[189, 186, 187]"
1384,"[189, 186, 187]"
1385,"[248, 186, 243]"
1386,"[231, 186, 187]"
1387,"[275, 186, 243]"
1388,"[255, 186, 243]"
1389,"[227, 186, 187]"
1390,"[198, 186, 187]"
1391,"[198, 186, 187]"
1392,"[270, 186, 243]"
1393,"[235, 186, 187]"
1394,"[210, 186, 187]"
1395,"[297, 186, 243]"
1396,"[309, 186, 243]"
1397,"[255, 186, 243]"
1398,"[334, 186, 243]"
1399,"[300, 186, 243]"
1400,"[308, 186, 243]"
1401,"[287, 186, 243]"
1402,"[266, 186, 243]"
1403,"[339, 186, 243]"
1404,"[312, 186, 243]"
1405,"[249, 186, 243]"
1406,"[291, 186, 243]"
1407,"[198, 186, 187]"
1408,"[198, 186, 187]"
1409,"[205, 186, 187]"
1410,"[190, 186, 187]"
1411,"[190, 186, 187]"
1412,"[233, 186, 187]"
1413,"[221, 186, 187]"
1414,"[194, 186, 187]"
1415,"[194, 186, 187]"
1416,"[241, 186, 187]"
1417,"[230, 186, 187]"
1418,"[206, 186, 187]"
1419,"[201, 186, 187]"
1420,"[201, 186, 187]"
1421,"[274, 186, 243]"
1422,"[236, 186, 187]"
1423,"[333, 186, 243]"
1424,"[209, 186, 187]"
1425,"[279, 186, 243]"
1426,"[290, 186, 243]"
1427,"[294, 186, 243]"
1428,"[305, 186, 243]"
1429,"[324, 186, 243]"
1430,"[250, 186, 243]"
1431,"[311, 186, 243]"
1432,"[297, 186, 243]"
1433,"[296, 186, 243]"
1434,"[338, 186, 243]"
1435,"[262, 186, 243]"
1436,"[252, 186, 243]"
1437,"[301, 186, 243]"
1438,"[308, 186, 243]"
1439,"[343, 186, 243]"
1440,"[293, 186, 243]"
1441,"[274, 186, 243]"
1442,"[200, 186, 187]"
1443,"[200, 186, 187]"
1444,"[210, 186, 187]"
1445,"[326, 186, 243]"
1446,"[218, 186, 187]"
1447,"[237, 186, 187]"
1448,"[206, 186, 187]"
1449,"[242, 186, 187]"
1450,"[225, 186, 187]"
1451,"[203, 186, 187]"
1452,"[213, 186, 187]"
1453,"[280, 186, 243]"
1454,"[264, 186, 243]"
1455,"[249, 186, 243]"
1456,"[212, 186, 187]"
1457,"[293, 186, 243]"
1458,"[275, 186, 243]"
1459,"[303, 186, 243]"
1460,"[343, 186, 243]"
1461,"[310, 186, 243]"
1462,"[267, 186, 243]"
1463,"[326, 186, 243]"
1464,"[328, 186, 243]"
1465,"[252, 186, 243]"
1466,"[268, 186, 243]"
1467,"[191, 186, 187]"
1468,"[191, 186, 187]"
1469,"[316, 186, 243]"
1470,"[342, 186, 243]"
1471,"[219, 186, 187]"
1472,"[217, 186, 187]"
1473,"[231, 186, 187]"
1474,"[286, 186, 243]"
1475,"[338, 186, 243]"
1476,"[322, 186, 243]"
1477,"[204, 186, 187]"
1478,"[331, 186, 243]"
1479,"[304, 186, 243]"
1480,"[300, 186, 243]"
1481,"[327, 186, 243]"
1482,"[325, 186, 243]"
1483,"[251, 186, 243]"
1484,"[253, 186, 243]"
1485,"[313, 186, 243]"
1486,"[262, 186, 243]"
1487,"[235, 186, 187]"
1488,"[247, 186, 243]"
1489,"[240, 186, 187]"
1490,"[276, 186, 243]"
1491,"[256, 186, 243]"
1492,"[324, 186, 243]"
1493,"[269, 186, 243]"
1494,"[319, 186, 243]"
1495,"[298, 186, 243]"
1496,"[265, 186, 243]"
1497,"[290, 186, 243]"
1498,"[307, 186, 243]"
1499,"[301, 186, 243]"
1500,"[256, 186, 243]"
1501,"[337, 186, 243]"
1502,"[302, 186, 243]"
1503,"[261, 186, 243]"
1504,"[340, 186, 243]"
1505,"[268, 186, 243]"
1506,"[253, 186, 243]"
1507,"[263, 186, 243]"
1508,"[194, 186, 187]"
1509,"[194, 186, 187]"
1510,"[226, 186, 187]"
1511,"[192, 186, 187]"
1512,"[192, 186, 187]"
1513,"[224, 186, 187]"
1514,"[222, 186, 187]"
1515,"[195, 186, 187]"
1516,"[195, 186, 187]"
1517,"[257, 186, 243]"
1518,"[229, 186, 187]"
1519,"[207, 186, 187]"
1520,"[200, 186, 187]"
1521,"[200, 186, 187]"
1522,"[304, 186, 243]"
1523,"[237, 186, 187]"
1524,"[289, 186, 243]"
1525,"[221, 186, 187]"
1526,"[289, 186, 243]"
1527,"[314, 186, 243]"
1528,"[339, 186, 243]"
1529,"[306, 186, 243]"
1530,"[307, 186, 243]"
1531,"[286, 186, 243]"
1532,"[319, 186, 243]"
1533,"[292, 186, 243]"
1534,"[251, 186, 243]"
1535,"[311, 186, 243]"
1536,"[298, 186, 243]"
1537,"[303, 186, 243]"
1538,"[209, 186, 187]"
1539,"[196, 186, 187]"
1540,"[196, 186, 187]"
1541,"[195, 186, 187]"
1542,"[195, 186, 187]"
1543,"[325, 186, 243]"
1544,"[219, 186, 187]"
1545,"[228, 186, 187]"
1546,"[212, 186, 187]"
1547,"[334, 186, 243]"
1548,"[224, 186, 187]"
1549,"[208, 186, 187]"
1550,"[207, 186, 187]"
1551,"[281, 186, 243]"
1552,"[254, 186, 243]"
1553,"[238, 186, 187]"
1554,"[259, 186, 243]"
1555,"[215, 186, 187]"
1556,"[292, 186, 243]"
1557,"[285, 186, 243]"
1558,"[270, 186, 243]"
1559,"[309, 186, 243]"
1560,"[318, 186, 243]"
1561,"[316, 186, 243]"
1562,"[323, 186, 243]"
1563,"[321, 186, 243]"
1564,"[288, 186, 243]"
1565,"[267, 186, 243]"
1566,"[189, 186, 187]"
1567,"[189, 186, 187]"
1568,"[317, 186, 243]"
1569,"[227, 186, 187]"
1570,"[193, 186, 187]"
1571,"[193, 186, 187]"
1572,"[225, 186, 187]"
1573,"[328, 186, 243]"
1574,"[216, 186, 187]"
1575,"[285, 186, 243]"
1576,"[197, 186, 187]"
1577,"[197, 186, 187]"
1578,"[273, 186, 243]"
1579,"[335, 186, 243]"
1580,"[323, 186, 243]"
1581,"[205, 186, 187]"
1582,"[244, 186, 243]"
1583,"[330, 186, 243]"
1584,"[239, 186, 187]"
1585,"[335, 186, 243]"
1586,"[342, 186, 243]"
1587,"[259, 186, 243]"
1588,"[266, 186, 243]"
1589,"[246, 186, 243]"
1590,"[314, 186, 243]"
1591,"[277, 186, 243]"
1592,"[234, 186, 187]"
1593,"[241, 186, 187]"
1594,"[288, 186, 243]"
1595,"[272, 186, 243]"
1596,"[233, 186, 187]"
1597,"[320, 186, 243]"
1598,"[295, 186, 243]"
1599,"[283, 186, 243]"
1600,"[280, 186, 243]"
1601,"[230, 186, 187]"
1602,"[302, 186, 243]"
1603,"[246, 186, 243]"
1604,"[332, 186, 243]"
1605,"[271, 186, 243]"
1606,"[330, 186, 243]"
1607,"[258, 186, 243]"
1608,"[263, 186, 243]"
1609,"[218, 186, 187]"
1610,"[216, 186, 187]"
1611,"[223, 186, 187]"
1612,"[196, 186, 187]"
1613,"[196, 186, 187]"
1614,"[258, 186, 243]"
1615,"[228, 186, 187]"
1616,"[199, 186, 187]"
1617,"[199, 186, 187]"
1618,"[294, 186, 243]"
1619,"[234, 186, 187]"
1620,"[192, 186, 187]"
1621,"[192, 186, 187]"
1622,"[192, 186, 187]"
1623,"[192, 186, 187]"
1624,"[195, 186, 187]"
1625,"[195, 186, 187]"
1626,"[195, 186, 187]"
1627,"[195, 186, 187]"
1628,"[199, 186, 187]"
1629,"[199, 186, 187]"
1630,"[199, 186, 187]"
1631,"[199, 186, 187]"
1632,"[204, 186, 187]"
1633,"[204, 186, 187]"
1634,"[204, 186, 187]"
1635,"[204, 186, 187]"
1636,"[210, 186, 187]"
1637,"[210, 186, 187]"
1638,"[210, 186, 187]"
1639,"[210, 186, 187]"
1640,"[217, 186, 187]"
1641,"[217, 186, 187]"
1642,"[217, 186, 187]"
1643,"[217, 186, 187]"
1644,"[225, 186, 187]"
1645,"[225, 186, 187]"
1646,"[225, 186, 187]"
1647,"[225, 186, 187]"
1648,"[193, 186, 187]"
1649,"[193, 186, 187]"
1650,"[193, 186, 187]"
1651,"[193, 186, 187]"
1652,"[196, 186, 187]"
1653,"[196, 186, 187]"
1654,"[196, 186, 187]"
1655,"[196, 186, 187]"
1656,"[200, 186, 187]"
1657,"[200, 186, 187]"
1658,"[200, 186, 187]"
1659,"[200, 186, 187]"
1660,"[205, 186, 187]"
1661,"[205, 186, 187]"
1662,"[205, 186, 187]"
1663,"[205, 186, 187]"
1664,"[211, 186, 187]"
1665,"[211, 186, 187]"
1666,"[211, 186, 187]"
1667,"[211, 186, 187]"
1668,"[218, 186, 187]"
1669,"[218, 186, 187]"
1670,"[218, 186, 187]"
1671,"[218, 186, 187]"
1672,"[226, 186, 187]"
1673,"[226, 186, 187]"
1674,"[226, 186, 187]"
1675,"[226, 186, 187]"
1676,"[196, 186, 187]"
1677,"[196, 186, 187]"
1678,"[196, 186, 187]"
1679,"[196, 186, 187]"
1680,"[197, 186, 187]"
1681,"[197, 186, 187]"
1682,"[197, 186, 187]"
1683,"[197, 186, 187]"
1684,"[201, 186, 187]"
1685,"[201, 186, 187]"
1686,"[201, 186, 187]"
1687,"[201, 186, 187]"
1688,"[206, 186, 187]"
1689,"[206, 186, 187]"
1690,"[206, 186, 187]"
1691,"[206, 186, 187]"
1692,"[212, 186, 187]"
1693,"[212, 186, 187]"
1694,"[212, 186, 187]"
1695,"[212, 186, 187]"
1696,"[219, 186, 187]"
1697,"[219, 186, 187]"
1698,"[219, 186, 187]"
1699,"[219, 186, 187]"
1700,"[227, 186, 187]"
1701,"[227, 186, 187]"
1702,"[227, 186, 187]"
1703,"[227, 186, 187]"
1704,"[200, 186, 187]"
1705,"[200, 186, 187]"
1706,"[200, 186, 187]"
1707,"[200, 186, 187]"
1708,"[201, 186, 187]"
1709,"[201, 186, 187]"
1710,"[201, 186, 187]"
1711,"[201, 186, 187]"
1712,"[202, 186, 187]"
1713,"[202, 186, 187]"
1714,"[202, 186, 187]"
1715,"[202, 186, 187]"
1716,"[207, 186, 187]"
1717,"[207, 186, 187]"
1718,"[207, 186, 187]"
1719,"[207, 186, 187]"
1720,"[213, 186, 187]"
1721,"[213, 186, 187]"
1722,"[213, 186, 187]"
1723,"[213, 186, 187]"
1724,"[346, 344, 345]"
1725,"[346, 344, 345]"
1726,"[347, 344, 345]"
1727,"[347, 344, 345]"
1728,"[348, 344, 345]"
1729,"[348, 344, 345]"
1730,"[349, 344, 345]"
1731,"[349, 344, 345]"
1732,"[350, 344, 345]"
1733,"[351, 344, 345]"
1734,"[352, 344, 345]"
1735,"[353, 344, 345]"
1736,"[354, 344, 345]"
1737,"[355, 344, 345]"
1738,"[356, 344, 345]"
1739,"[356, 344, 345]"
1740,"[357, 344, 345]"
1741,"[357, 344, 345]"
1742,"[358, 344, 345]"
1743,"[358, 344, 345]"
1744,"[359, 344, 345]"
1745,"[359, 344, 345]"
1746,"[360, 344, 345]"
1747,"[361, 344, 345]"
1748,"[362, 344, 345]"
1749,"[363, 344, 345]"
1750,"[364, 344, 345]"
1751,"[365, 344, 345]"
1752,"[366, 344, 345]"
1753,"[366, 344, 345]"
1754,"[367, 344, 345]"
1755,"[367, 344, 345]"
1756,"[368, 344, 345]"
1757,"[368, 344, 345]"
1758,"[369, 344, 345]"
1759,"[369, 344, 345]"
1760,"[370, 344, 345]"
1761,"[371, 344, 345]"
1762,"[372, 344, 345]"
1763,"[373, 344, 345]"
1764,"[374, 344, 345]"
1765,"[375, 344, 345]"
1766,"[376, 344, 345]"
1767,"[376, 344, 345]"
1768,"[377, 344, 345]"
1769,"[377, 344, 345]"
1770,"[378, 344, 345]"
1771,"[378, 344, 345]"
1772,"[379, 344, 345]"
1773,"[379, 344, 345]"
1774,"[380, 344, 345]"
1775,"[381, 344, 345]"
1776,"[382, 344, 345]"
1777,"[383, 344, 345]"
1778,"[384, 344, 345]"
1779,"[385, 344, 345]"
1780,"[386, 344, 345]"
1781,"[386, 344, 345]"
1782,"[387, 344, 345]"
1783,"[387, 344, 345]"
1784,"[388, 344, 345]"
1785,"[388, 344, 345]"
1786,"[389, 344, 345]"
1787,"[389, 344, 345]"
1788,"[390, 344, 345]"
1789,"[391, 344, 345]"
1790,"[392, 344, 345]"
1791,"[393, 344, 345]"
1792,"[394, 344, 345]"
1793,"[395, 344, 345]"
1794,"[396, 344, 345]"
1795,"[396, 344, 345]"
1796,"[397, 344, 345]"
1797,"[397, 344, 345]"
1798,"[398, 344, 345]"
1799,"[398, 344, 345]"
1800,"[399, 344, 345]"
1801,"[399, 344, 345]"
1802,"[400, 344, 345]"
1803,"[401, 344, 345]"
1804,"[402, 344, 345]"
1805,"[403, 344, 345]"
1806,"[404, 344, 345]"
1807,"[405, 344, 345]"
1808,"[406, 344, 345]"
1809,"[407, 344, 345]"
1810,"[408, 344, 345]"
1811,"[409, 344, 345]"
1812,"[410, 344, 345]"
1813,"[411, 344, 345]"
1814,"[412, 344, 345]"
1815,"[413, 344, 345]"
1816,"[414, 344, 345]"
1817,"[415, 344, 345]"
1818,"[416, 344, 345]"
1819,"[417, 344, 345]"
1820,"[418, 344, 345]"
1821,"[419, 344, 345]"
1822,"[420, 344, 345]"
1823,"[421, 344, 345]"
1824,"[422, 344, 345]"
1825,"[423, 344, 345]"
1826,"[424, 344, 345]"
1827,"[425, 344, 345]"
1828,"[426, 344, 345]"
1829,"[427, 344, 345]"
1830,"[428, 344, 345]"
1831,"[429, 344, 345]"
1832,"[430, 344, 345]"
1833,"[431, 344, 345]"
1834,"[432, 344, 345]"
1835,"[433, 344, 345]"
1836,"[434, 344, 345]"
1837,"[435, 344, 345]"
1838,"[436, 344, 345]"
1839,"[437, 344, 345]"
1840,"[438, 344, 345]"
1841,"[439, 344, 345]"
1842,"[440, 344, 345]"
1843,"[441, 344, 345]"
1844,"[442, 344, 345]"
1845,"[443, 344, 345]"
1846,"[444, 344, 345]"
1847,"[445, 344, 345]"
